Numeric,Analytic
0.00179765,0.00179765
0.00359131,0.00359131
0.00538099,0.00538099
0.00716669,0.00716669
0.00894843,0.00894843
0.0107262,0.0107262
0.0125,0.0125
0.0142699,0.0142699
0.0160359,0.0160359
0.0177979,0.0177979
0.019556,0.019556
0.0213102,0.0213102
0.0230605,0.0230605
0.0248069,0.0248069
0.0265494,0.0265494
0.028288,0.028288
0.0300227,0.0300228
0.0317536,0.0317536
0.0334807,0.0334807
0.0352038,0.0352039
0.0369232,0.0369232
0.0386387,0.0386387
0.0403504,0.0403504
0.0420582,0.0420582
0.0437623,0.0437623
0.0454625,0.0454625
0.047159,0.047159
0.0488516,0.0488517
0.0505405,0.0505405
0.0522256,0.0522256
0.053907,0.053907
0.0555845,0.0555846
0.0572584,0.0572584
0.0589285,0.0589285
0.0605948,0.0605948
0.0622575,0.0622575
0.0639164,0.0639164
0.0655716,0.0655716
0.067223,0.0672231
0.0688708,0.0688708
0.0705149,0.0705149
0.0721553,0.0721554
0.0737921,0.0737921
0.0754251,0.0754252
0.0770545,0.0770546
0.0786803,0.0786803
0.0803024,0.0803024
0.0819209,0.0819209
0.0835357,0.0835357
0.0851469,0.0851469
0.0867545,0.0867545
0.0883585,0.0883585
0.0899589,0.0899589
0.0915556,0.0915557
0.0931488,0.0931489
0.0947384,0.0947385
0.0963245,0.0963245
0.0979069,0.097907
0.0994858,0.0994859
0.101061,0.101061
0.102633,0.102633
0.104201,0.104201
0.105766,0.105766
0.107327,0.107327
0.108885,0.108885
0.110439,0.110439
0.11199,0.11199
0.113537,0.113537
0.115081,0.115081
0.116621,0.116621
0.118158,0.118158
0.119691,0.119691
0.121221,0.121221
0.122747,0.122747
0.12427,0.12427
0.125789,0.125789
0.127305,0.127305
0.128818,0.128818
0.130327,0.130327
0.131833,0.131833
0.133335,0.133335
0.134834,0.134834
0.13633,0.13633
0.137822,0.137822
0.139311,0.139311
0.140796,0.140796
0.142278,0.142278
0.143757,0.143757
0.145232,0.145232
0.146704,0.146704
0.148173,0.148173
0.149638,0.149638
0.1511,0.1511
0.152559,0.152559
0.154014,0.154014
0.155466,0.155466
0.156915,0.156915
0.15836,0.15836
0.159802,0.159803
0.161241,0.161241
0.162677,0.162677
0.164109,0.164109
0.165538,0.165538
0.166964,0.166964
0.168387,0.168387
0.169806,0.169806
0.171222,0.171222
0.172635,0.172635
0.174045,0.174045
0.175451,0.175451
0.176854,0.176855
0.178254,0.178255
0.179651,0.179651
0.181045,0.181045
0.182435,0.182435
0.183823,0.183823
0.185207,0.185207
0.186588,0.186588
0.187966,0.187966
0.18934,0.18934
0.190712,0.190712
0.19208,0.19208
0.193445,0.193445
0.194807,0.194807
0.196166,0.196166
0.197522,0.197522
0.198875,0.198875
0.200225,0.200225
0.201571,0.201571
0.202915,0.202915
0.204255,0.204255
0.205592,0.205592
0.206927,0.206927
0.208258,0.208258
0.209586,0.209586
0.210911,0.210911
0.212233,0.212233
0.213552,0.213552
0.214868,0.214868
0.216181,0.216181
0.217491,0.217491
0.218798,0.218798
0.220101,0.220101
0.221402,0.221402
0.2227,0.2227
0.223995,0.223995
0.225287,0.225287
0.226576,0.226576
0.227862,0.227862
0.229145,0.229145
0.230425,0.230425
0.231702,0.231702
0.232976,0.232976
0.234247,0.234247
0.235515,0.235515
0.23678,0.23678
0.238043,0.238043
0.239302,0.239302
0.240559,0.240559
0.241812,0.241812
0.243063,0.243063
0.244311,0.244311
0.245556,0.245556
0.246798,0.246798
0.248037,0.248037
0.249273,0.249273
0.250507,0.250507
0.251737,0.251737
0.252965,0.252965
0.25419,0.25419
0.255412,0.255412
0.256631,0.256631
0.257847,0.257847
0.25906,0.259061
0.260271,0.260271
0.261479,0.261479
0.262684,0.262684
0.263886,0.263886
0.265086,0.265086
0.266282,0.266282
0.267476,0.267476
0.268667,0.268667
0.269855,0.269855
0.271041,0.271041
0.272224,0.272224
0.273404,0.273404
0.274581,0.274581
0.275755,0.275755
0.276927,0.276927
0.278096,0.278096
0.279262,0.279262
0.280426,0.280426
0.281586,0.281586
0.282744,0.282745
0.2839,0.2839
0.285052,0.285053
0.286202,0.286202
0.28735,0.28735
0.288494,0.288494
0.289636,0.289636
0.290775,0.290775
0.291912,0.291912
0.293046,0.293046
0.294177,0.294177
0.295305,0.295305
0.296431,0.296431
0.297554,0.297554
0.298675,0.298675
0.299793,0.299793
0.300908,0.300908
0.302021,0.302021
0.303131,0.303131
0.304238,0.304238
0.305343,0.305343
0.306445,0.306446
0.307545,0.307545
0.308642,0.308642
0.309736,0.309737
0.310828,0.310828
0.311918,0.311918
0.313004,0.313004
0.314088,0.314089
0.31517,0.31517
0.316249,0.316249
0.317325,0.317326
0.318399,0.318399
0.319471,0.319471
0.320539,0.32054
0.321606,0.321606
0.322669,0.32267
0.323731,0.323731
0.324789,0.324789
0.325846,0.325846
0.326899,0.326899
0.32795,0.327951
0.328999,0.328999
0.330045,0.330045
0.331089,0.331089
0.33213,0.33213
0.333169,0.333169
0.334205,0.334205
0.335239,0.335239
0.33627,0.33627
0.337299,0.337299
0.338325,0.338326
0.339349,0.33935
0.340371,0.340371
0.34139,0.34139
0.342407,0.342407
0.343421,0.343421
0.344433,0.344433
0.345442,0.345442
0.346449,0.346449
0.347453,0.347454
0.348456,0.348456
0.349455,0.349455
0.350453,0.350453
0.351448,0.351448
0.35244,0.35244
0.35343,0.35343
0.354418,0.354418
0.355403,0.355404
0.356387,0.356387
0.357367,0.357367
0.358346,0.358346
0.359322,0.359322
0.360295,0.360295
0.361266,0.361267
0.362235,0.362235
0.363202,0.363202
0.364166,0.364166
0.365128,0.365128
0.366088,0.366088
0.367045,0.367045
0.368,0.368
0.368953,0.368953
0.369903,0.369903
0.370851,0.370851
0.371797,0.371797
0.372741,0.372741
0.373682,0.373682
0.374621,0.374621
0.375557,0.375558
0.376492,0.376492
0.377424,0.377424
0.378354,0.378354
0.379281,0.379282
0.380207,0.380207
0.38113,0.38113
0.382051,0.382051
0.382969,0.38297
0.383886,0.383886
0.3848,0.3848
0.385712,0.385712
0.386622,0.386622
0.387529,0.387529
0.388434,0.388435
0.389338,0.389338
0.390238,0.390239
0.391137,0.391137
0.392034,0.392034
0.392928,0.392928
0.39382,0.39382
0.39471,0.39471
0.395598,0.395598
0.396483,0.396483
0.397367,0.397367
0.398248,0.398248
0.399127,0.399127
0.400004,0.400004
0.400879,0.400879
0.401751,0.401751
0.402622,0.402622
0.40349,0.40349
0.404356,0.404357
0.405221,0.405221
0.406082,0.406083
0.406942,0.406942
0.4078,0.4078
0.408656,0.408656
0.409509,0.409509
0.410361,0.410361
0.41121,0.41121
0.412057,0.412057
0.412902,0.412902
0.413745,0.413745
0.414586,0.414586
0.415425,0.415425
0.416262,0.416262
0.417097,0.417097
0.417929,0.417929
0.41876,0.41876
0.419588,0.419588
0.420415,0.420415
0.421239,0.421239
0.422062,0.422062
0.422882,0.422882
0.4237,0.4237
0.424516,0.424517
0.425331,0.425331
0.426143,0.426143
0.426953,0.426953
0.427761,0.427761
0.428567,0.428568
0.429372,0.429372
0.430174,0.430174
0.430974,0.430974
0.431772,0.431772
0.432568,0.432568
0.433362,0.433362
0.434154,0.434155
0.434945,0.434945
0.435733,0.435733
0.436519,0.436519
0.437303,0.437303
0.438086,0.438086
0.438866,0.438866
0.439644,0.439644
0.440421,0.440421
0.441195,0.441195
0.441968,0.441968
0.442738,0.442738
0.443507,0.443507
0.444274,0.444274
0.445038,0.445039
0.445801,0.445801
0.446562,0.446562
0.447321,0.447321
0.448078,0.448078
0.448833,0.448834
0.449587,0.449587
0.450338,0.450338
0.451088,0.451088
0.451835,0.451835
0.452581,0.452581
0.453325,0.453325
0.454067,0.454067
0.454807,0.454807
0.455545,0.455545
0.456281,0.456281
0.457015,0.457016
0.457748,0.457748
0.458479,0.458479
0.459207,0.459208
0.459934,0.459935
0.460659,0.46066
0.461383,0.461383
0.462104,0.462104
0.462824,0.462824
0.463541,0.463542
0.464257,0.464258
0.464971,0.464972
0.465684,0.465684
0.466394,0.466394
0.467103,0.467103
0.46781,0.46781
0.468515,0.468515
0.469218,0.469218
0.469919,0.469919
0.470619,0.470619
0.471316,0.471317
0.472012,0.472013
0.472707,0.472707
0.473399,0.473399
0.47409,0.47409
0.474778,0.474779
0.475465,0.475466
0.476151,0.476151
0.476834,0.476834
0.477516,0.477516
0.478196,0.478196
0.478874,0.478874
0.479551,0.479551
0.480226,0.480226
0.480899,0.480899
0.48157,0.48157
0.482239,0.482239
0.482907,0.482907
0.483573,0.483573
0.484237,0.484238
0.4849,0.4849
0.485561,0.485561
0.48622,0.48622
0.486877,0.486878
0.487533,0.487533
0.488187,0.488187
0.488839,0.48884
0.48949,0.48949
0.490139,0.490139
0.490786,0.490786
0.491432,0.491432
0.492075,0.492076
0.492718,0.492718
0.493358,0.493358
0.493997,0.493997
0.494634,0.494634
0.495269,0.495269
0.495903,0.495903
0.496535,0.496535
0.497166,0.497166
0.497794,0.497794
0.498421,0.498422
0.499047,0.499047
0.499671,0.499671
0.500293,0.500293
0.500913,0.500914
0.501532,0.501532
0.502149,0.50215
0.502765,0.502765
0.503379,0.503379
0.503991,0.503992
0.504602,0.504602
0.505211,0.505211
0.505819,0.505819
0.506425,0.506425
0.507029,0.507029
0.507632,0.507632
0.508233,0.508233
0.508832,0.508832
0.50943,0.50943
0.510026,0.510026
0.510621,0.510621
0.511214,0.511214
0.511806,0.511806
0.512396,0.512396
0.512984,0.512984
0.513571,0.513571
0.514156,0.514156
0.51474,0.51474
0.515322,0.515322
0.515902,0.515902
0.516481,0.516481
0.517058,0.517059
0.517634,0.517635
0.518209,0.518209
0.518781,0.518782
0.519353,0.519353
0.519922,0.519922
0.52049,0.520491
0.521057,0.521057
0.521622,0.521622
0.522186,0.522186
0.522748,0.522748
0.523308,0.523308
0.523867,0.523867
0.524425,0.524425
0.52498,0.524981
0.525535,0.525535
0.526088,0.526088
0.526639,0.526639
0.527189,0.527189
0.527738,0.527738
0.528284,0.528285
0.52883,0.52883
0.529374,0.529374
0.529916,0.529916
0.530457,0.530457
0.530997,0.530997
0.531535,0.531535
0.532071,0.532072
0.532606,0.532607
0.53314,0.53314
0.533672,0.533672
0.534203,0.534203
0.534732,0.534732
0.53526,0.53526
0.535786,0.535786
0.536311,0.536311
0.536834,0.536835
0.537356,0.537357
0.537877,0.537877
0.538396,0.538396
0.538914,0.538914
0.53943,0.53943
0.539945,0.539945
0.540458,0.540458
0.54097,0.54097
0.54148,0.541481
0.541989,0.54199
0.542497,0.542497
0.543003,0.543004
0.543508,0.543508
0.544012,0.544012
0.544514,0.544514
0.545014,0.545015
0.545514,0.545514
0.546011,0.546012
0.546508,0.546508
0.547003,0.547003
0.547497,0.547497
0.547989,0.547989
0.54848,0.54848
0.548969,0.548969
0.549457,0.549458
0.549944,0.549944
0.55043,0.55043
0.550914,0.550914
0.551396,0.551396
0.551878,0.551878
0.552357,0.552358
0.552836,0.552836
0.553313,0.553313
0.553789,0.553789
0.554264,0.554264
0.554737,0.554737
0.555209,0.555209
0.555679,0.555679
0.556148,0.556148
0.556616,0.556616
0.557082,0.557083
0.557548,0.557548
0.558011,0.558012
0.558474,0.558474
0.558935,0.558935
0.559395,0.559395
0.559853,0.559854
0.560311,0.560311
0.560767,0.560767
0.561221,0.561221
0.561674,0.561675
0.562126,0.562127
0.562577,0.562577
0.563026,0.563027
0.563475,0.563475
0.563921,0.563921
0.564367,0.564367
0.564811,0.564811
0.565254,0.565254
0.565696,0.565696
0.566136,0.566136
0.566575,0.566575
0.567013,0.567013
0.567449,0.567449
0.567884,0.567885
0.568318,0.568319
0.568751,0.568751
0.569183,0.569183
0.569613,0.569613
0.570042,0.570042
0.570469,0.57047
0.570896,0.570896
0.571321,0.571321
0.571745,0.571745
0.572168,0.572168
0.572589,0.572589
0.573009,0.573009
0.573428,0.573428
0.573846,0.573846
0.574262,0.574262
0.574678,0.574678
0.575092,0.575092
0.575504,0.575505
0.575916,0.575916
0.576326,0.576326
0.576735,0.576736
0.577143,0.577143
0.57755,0.57755
0.577955,0.577956
0.57836,0.57836
0.578763,0.578763
0.579165,0.579165
0.579565,0.579565
0.579965,0.579965
0.580363,0.580363
0.58076,0.58076
0.581156,0.581156
0.581551,0.581551
0.581944,0.581944
0.582336,0.582337
0.582728,0.582728
0.583117,0.583118
0.583506,0.583506
0.583894,0.583894
0.58428,0.58428
0.584666,0.584666
0.58505,0.58505
0.585432,0.585433
0.585814,0.585814
0.586195,0.586195
0.586574,0.586574
0.586953,0.586953
0.58733,0.58733
0.587706,0.587706
0.58808,0.588081
0.588454,0.588454
0.588827,0.588827
0.589198,0.589198
0.589568,0.589568
0.589937,0.589937
0.590305,0.590305
0.590672,0.590672
0.591038,0.591038
0.591402,0.591402
0.591766,0.591766
0.592128,0.592128
0.592489,0.592489
0.592849,0.592849
0.593208,0.593208
0.593566,0.593566
0.593923,0.593923
0.594278,0.594279
0.594633,0.594633
0.594986,0.594986
0.595338,0.595339
0.59569,0.59569
0.59604,0.59604
0.596389,0.596389
0.596737,0.596737
0.597083,0.597084
0.597429,0.597429
0.597774,0.597774
0.598117,0.598117
0.59846,0.59846
0.598801,0.598801
0.599141,0.599141
0.59948,0.599481
0.599818,0.599819
0.600156,0.600156
0.600491,0.600492
0.600826,0.600827
0.60116,0.60116
0.601493,0.601493
0.601825,0.601825
0.602155,0.602155
0.602485,0.602485
0.602813,0.602814
0.603141,0.603141
0.603467,0.603467
0.603793,0.603793
0.604117,0.604117
0.60444,0.60444
0.604762,0.604762
0.605083,0.605084
0.605404,0.605404
0.605723,0.605723
0.606041,0.606041
0.606358,0.606358
0.606674,0.606674
0.606989,0.606989
0.607303,0.607303
0.607615,0.607616
0.607927,0.607928
0.608238,0.608238
0.608548,0.608548
0.608857,0.608857
0.609165,0.609165
0.609471,0.609472
0.609777,0.609777
0.610082,0.610082
0.610386,0.610386
0.610688,0.610689
0.61099,0.61099
0.611291,0.611291
0.611591,0.611591
0.611889,0.61189
0.612187,0.612187
0.612484,0.612484
0.61278,0.61278
0.613074,0.613075
0.613368,0.613368
0.613661,0.613661
0.613953,0.613953
0.614244,0.614244
0.614533,0.614534
0.614822,0.614822
0.61511,0.61511
0.615397,0.615397
0.615683,0.615683
0.615968,0.615968
0.616252,0.616252
0.616535,0.616535
0.616817,0.616817
0.617098,0.617098
0.617378,0.617379
0.617658,0.617658
0.617936,0.617936
0.618213,0.618213
0.618489,0.61849
0.618765,0.618765
0.619039,0.619039
0.619313,0.619313
0.619585,0.619585
0.619857,0.619857
0.620127,0.620128
0.620397,0.620397
0.620666,0.620666
0.620934,0.620934
0.621201,0.621201
0.621467,0.621467
0.621732,0.621732
0.621996,0.621996
0.622259,0.622259
0.622521,0.622521
0.622782,0.622783
0.623043,0.623043
0.623302,0.623302
0.623561,0.623561
0.623818,0.623819
0.624075,0.624075
0.624331,0.624331
0.624586,0.624586
0.62484,0.62484
0.625093,0.625093
0.625345,0.625345
0.625597,0.625597
0.625847,0.625847
0.626096,0.626097
0.626345,0.626345
0.626593,0.626593
0.626839,0.62684
0.627085,0.627086
0.62733,0.627331
0.627575,0.627575
0.627818,0.627818
0.62806,0.62806
0.628302,0.628302
0.628542,0.628542
0.628782,0.628782
0.629021,0.629021
0.629259,0.629259
0.629496,0.629496
0.629732,0.629732
0.629967,0.629968
0.630202,0.630202
0.630435,0.630436
0.630668,0.630668
0.6309,0.6309
0.631131,0.631131
0.631361,0.631361
0.63159,0.631591
0.631819,0.631819
0.632046,0.632047
0.632273,0.632273
0.632499,0.632499
0.632724,0.632724
0.632948,0.632948
0.633172,0.633172
0.633394,0.633394
0.633616,0.633616
0.633836,0.633837
0.634056,0.634057
0.634275,0.634276
0.634494,0.634494
0.634711,0.634711
0.634928,0.634928
0.635144,0.635144
0.635359,0.635359
0.635573,0.635573
0.635786,0.635786
0.635998,0.635999
0.63621,0.63621
0.636421,0.636421
0.636631,0.636631
0.63684,0.63684
0.637048,0.637049
0.637256,0.637256
0.637463,0.637463
0.637669,0.637669
0.637874,0.637874
0.638078,0.638078
0.638281,0.638282
0.638484,0.638484
0.638686,0.638686
0.638887,0.638887
0.639087,0.639088
0.639287,0.639287
0.639485,0.639486
0.639683,0.639684
0.63988,0.639881
0.640077,0.640077
0.640272,0.640272
0.640467,0.640467
0.640661,0.640661
0.640854,0.640854
0.641046,0.641047
0.641238,0.641238
0.641429,0.641429
0.641619,0.641619
0.641808,0.641808
0.641996,0.641997
0.642184,0.642184
0.642371,0.642371
0.642557,0.642557
0.642742,0.642743
0.642927,0.642927
0.643111,0.643111
0.643294,0.643294
0.643476,0.643476
0.643658,0.643658
0.643838,0.643839
0.644018,0.644019
0.644198,0.644198
0.644376,0.644376
0.644554,0.644554
0.644731,0.644731
0.644907,0.644907
0.645083,0.645083
0.645257,0.645257
0.645431,0.645431
0.645604,0.645605
0.645777,0.645777
0.645949,0.645949
0.64612,0.64612
0.64629,0.64629
0.646459,0.64646
0.646628,0.646628
0.646796,0.646796
0.646963,0.646964
0.64713,0.64713
0.647296,0.647296
0.647461,0.647461
0.647625,0.647626
0.647789,0.647789
0.647952,0.647952
0.648114,0.648114
0.648276,0.648276
0.648436,0.648437
0.648596,0.648597
0.648756,0.648756
0.648914,0.648914
0.649072,0.649072
0.649229,0.649229
0.649386,0.649386
0.649541,0.649542
0.649696,0.649697
0.649851,0.649851
0.650004,0.650005
0.650157,0.650158
0.65031,0.65031
0.650461,0.650461
0.650612,0.650612
0.650762,0.650762
0.650911,0.650911
0.65106,0.65106
0.651208,0.651208
0.651355,0.651355
0.651502,0.651502
0.651648,0.651648
0.651793,0.651793
0.651938,0.651938
0.652081,0.652082
0.652225,0.652225
0.652367,0.652367
0.652509,0.652509
0.65265,0.65265
0.65279,0.652791
0.65293,0.65293
0.653069,0.653069
0.653208,0.653208
0.653345,0.653345
0.653482,0.653483
0.653619,0.653619
0.653754,0.653755
0.653889,0.65389
0.654024,0.654024
0.654157,0.654158
0.65429,0.654291
0.654423,0.654423
0.654555,0.654555
0.654686,0.654686
0.654816,0.654816
0.654946,0.654946
0.655075,0.655075
0.655203,0.655203
0.655331,0.655331
0.655458,0.655458
0.655584,0.655585
0.65571,0.65571
0.655835,0.655835
0.65596,0.65596
0.656084,0.656084
0.656207,0.656207
0.656329,0.656329
0.656451,0.656451
0.656572,0.656573
0.656693,0.656693
0.656813,0.656813
0.656932,0.656933
0.657051,0.657051
0.657169,0.657169
0.657286,0.657287
0.657403,0.657403
0.657519,0.65752
0.657635,0.657635
0.65775,0.65775
0.657864,0.657864
0.657978,0.657978
0.658091,0.658091
0.658203,0.658203
0.658315,0.658315
0.658426,0.658426
0.658537,0.658537
0.658646,0.658647
0.658756,0.658756
0.658864,0.658865
0.658972,0.658973
0.65908,0.65908
0.659187,0.659187
0.659293,0.659293
0.659398,0.659399
0.659503,0.659504
0.659608,0.659608
0.659712,0.659712
0.659815,0.659815
0.659917,0.659917
0.660019,0.660019
0.660121,0.660121
0.660221,0.660221
0.660321,0.660322
0.660421,0.660421
0.66052,0.66052
0.660618,0.660618
0.660716,0.660716
0.660813,0.660813
0.66091,0.66091
0.661006,0.661006
0.661101,0.661101
0.661196,0.661196
0.66129,0.66129
0.661384,0.661384
0.661477,0.661477
0.661569,0.661569
0.661661,0.661661
0.661752,0.661752
0.661843,0.661843
0.661933,0.661933
0.662023,0.662023
0.662111,0.662112
0.6622,0.6622
0.662288,0.662288
0.662375,0.662375
0.662462,0.662462
0.662548,0.662548
0.662633,0.662633
0.662718,0.662718
0.662802,0.662803
0.662886,0.662886
0.662969,0.66297
0.663052,0.663052
0.663134,0.663134
0.663216,0.663216
0.663297,0.663297
0.663377,0.663377
0.663457,0.663457
0.663536,0.663537
0.663615,0.663615
0.663693,0.663693
0.663771,0.663771
0.663848,0.663848
0.663924,0.663925
0.664,0.664001
0.664076,0.664076
0.664151,0.664151
0.664225,0.664225
0.664299,0.664299
0.664372,0.664372
0.664445,0.664445
0.664517,0.664517
0.664588,0.664589
0.664659,0.66466
0.66473,0.66473
0.6648,0.6648
0.664869,0.66487
0.664938,0.664938
0.665007,0.665007
0.665074,0.665075
0.665142,0.665142
0.665208,0.665209
0.665275,0.665275
0.66534,0.665341
0.665405,0.665406
0.66547,0.66547
0.665534,0.665534
0.665598,0.665598
0.665661,0.665661
0.665723,0.665723
0.665785,0.665785
0.665847,0.665847
0.665908,0.665908
0.665968,0.665968
0.666028,0.666028
0.666087,0.666088
0.666146,0.666146
0.666205,0.666205
0.666262,0.666263
0.66632,0.66632
0.666377,0.666377
0.666433,0.666433
0.666489,0.666489
0.666544,0.666544
0.666599,0.666599
0.666653,0.666653
0.666707,0.666707
0.66676,0.66676
0.666813,0.666813
0.666865,0.666865
0.666916,0.666917
0.666968,0.666968
0.667018,0.667019
0.667069,0.667069
0.667118,0.667119
0.667168,0.667168
0.667216,0.667216
0.667264,0.667265
0.667312,0.667312
0.667359,0.66736
0.667406,0.667406
0.667452,0.667453
0.667498,0.667498
0.667543,0.667544
0.667588,0.667588
0.667632,0.667633
0.667676,0.667677
0.66772,0.66772
0.667762,0.667763
0.667805,0.667805
0.667847,0.667847
0.667888,0.667888
0.667929,0.667929
0.667969,0.667969
0.668009,0.668009
0.668049,0.668049
0.668088,0.668088
0.668126,0.668126
0.668164,0.668164
0.668202,0.668202
0.668239,0.668239
0.668275,0.668276
0.668311,0.668312
0.668347,0.668347
0.668382,0.668382
0.668417,0.668417
0.668451,0.668451
0.668485,0.668485
0.668518,0.668519
0.668551,0.668551
0.668583,0.668584
0.668615,0.668616
0.668647,0.668647
0.668678,0.668678
0.668708,0.668709
0.668738,0.668739
0.668768,0.668768
0.668797,0.668797
0.668826,0.668826
0.668854,0.668854
0.668882,0.668882
0.668909,0.668909
0.668936,0.668936
0.668962,0.668963
0.668988,0.668989
0.669014,0.669014
0.669039,0.669039
0.669064,0.669064
0.669088,0.669088
0.669111,0.669112
0.669135,0.669135
0.669158,0.669158
0.66918,0.66918
0.669202,0.669202
0.669223,0.669224
0.669244,0.669245
0.669265,0.669265
0.669285,0.669285
0.669305,0.669305
0.669324,0.669324
0.669343,0.669343
0.669361,0.669362
0.669379,0.66938
0.669397,0.669397
0.669414,0.669414
0.669431,0.669431
0.669447,0.669447
0.669463,0.669463
0.669478,0.669478
0.669493,0.669493
0.669508,0.669508
0.669522,0.669522
0.669535,0.669536
0.669549,0.669549
0.669561,0.669562
0.669574,0.669574
0.669586,0.669586
0.669597,0.669597
0.669608,0.669609
0.669619,0.669619
0.669629,0.66963
0.669639,0.669639
0.669649,0.669649
0.669658,0.669658
0.669666,0.669666
0.669674,0.669675
0.669682,0.669682
0.669689,0.66969
0.669696,0.669697
0.669703,0.669703
0.669709,0.669709
0.669715,0.669715
0.66972,0.66972
0.669725,0.669725
0.669729,0.66973
0.669733,0.669734
0.669737,0.669737
0.66974,0.669741
0.669743,0.669743
0.669746,0.669746
0.669748,0.669748
0.669749,0.669749
0.66975,0.669751
0.669751,0.669751
0.669752,0.669752
0.669752,0.669752
0.669751,0.669752
0.669751,0.669751
0.669749,0.66975
0.669748,0.669748
0.669746,0.669746
0.669743,0.669744
0.669741,0.669741
0.669738,0.669738
0.669734,0.669734
0.66973,0.66973
0.669726,0.669726
0.669721,0.669721
0.669716,0.669716
0.66971,0.669711
0.669704,0.669705
0.669698,0.669698
0.669692,0.669692
0.669684,0.669685
0.669677,0.669677
0.669669,0.669669
0.669661,0.669661
0.669652,0.669653
0.669643,0.669644
0.669634,0.669634
0.669624,0.669625
0.669614,0.669614
0.669604,0.669604
0.669593,0.669593
0.669582,0.669582
0.66957,0.66957
0.669558,0.669558
0.669546,0.669546
0.669533,0.669533
0.66952,0.66952
0.669506,0.669506
0.669492,0.669493
0.669478,0.669478
0.669464,0.669464
0.669449,0.669449
0.669433,0.669433
0.669417,0.669418
0.669401,0.669402
0.669385,0.669385
0.669368,0.669368
0.669351,0.669351
0.669333,0.669334
0.669315,0.669316
0.669297,0.669297
0.669279,0.669279
0.66926,0.66926
0.66924,0.66924
0.66922,0.669221
0.6692,0.669201
0.66918,0.66918
0.669159,0.669159
0.669138,0.669138
0.669116,0.669117
0.669094,0.669095
0.669072,0.669072
0.66905,0.66905
0.669027,0.669027
0.669003,0.669004
0.66898,0.66898
0.668956,0.668956
0.668931,0.668932
0.668907,0.668907
0.668882,0.668882
0.668856,0.668856
0.668831,0.668831
0.668804,0.668805
0.668778,0.668778
0.668751,0.668751
0.668724,0.668724
0.668697,0.668697
0.668669,0.668669
0.668641,0.668641
0.668612,0.668612
0.668583,0.668583
0.668554,0.668554
0.668524,0.668525
0.668495,0.668495
0.668464,0.668465
0.668434,0.668434
0.668403,0.668403
0.668372,0.668372
0.66834,0.66834
0.668308,0.668308
0.668276,0.668276
0.668243,0.668244
0.66821,0.668211
0.668177,0.668177
0.668144,0.668144
0.66811,0.66811
0.668075,0.668076
0.668041,0.668041
0.668006,0.668006
0.667971,0.667971
0.667935,0.667935
0.667899,0.667899
0.667863,0.667863
0.667826,0.667827
0.66779,0.66779
0.667752,0.667753
0.667715,0.667715
0.667677,0.667677
0.667639,0.667639
0.6676,0.6676
0.667561,0.667562
0.667522,0.667523
0.667483,0.667483
0.667443,0.667443
0.667403,0.667403
0.667363,0.667363
0.667322,0.667322
0.667281,0.667281
0.667239,0.66724
0.667198,0.667198
0.667156,0.667156
0.667113,0.667114
0.667071,0.667071
0.667028,0.667028
0.666984,0.666985
0.666941,0.666941
0.666897,0.666897
0.666853,0.666853
0.666808,0.666808
0.666763,0.666764
0.666718,0.666718
0.666673,0.666673
0.666627,0.666627
0.666581,0.666581
0.666535,0.666535
0.666488,0.666488
0.666441,0.666441
0.666394,0.666394
0.666346,0.666346
0.666298,0.666298
0.66625,0.66625
0.666201,0.666202
0.666153,0.666153
0.666104,0.666104
0.666054,0.666054
0.666004,0.666005
0.665954,0.665955
0.665904,0.665904
0.665853,0.665854
0.665803,0.665803
0.665751,0.665752
0.6657,0.6657
0.665648,0.665648
0.665596,0.665596
0.665544,0.665544
0.665491,0.665491
0.665438,0.665438
0.665385,0.665385
0.665331,0.665331
0.665277,0.665277
0.665223,0.665223
0.665169,0.665169
0.665114,0.665114
0.665059,0.665059
0.665004,0.665004
0.664948,0.664948
0.664892,0.664892
0.664836,0.664836
0.664779,0.66478
0.664723,0.664723
0.664666,0.664666
0.664608,0.664608
0.664551,0.664551
0.664493,0.664493
0.664435,0.664435
0.664376,0.664376
0.664317,0.664318
0.664258,0.664259
0.664199,0.664199
0.664139,0.66414
0.66408,0.66408
0.664019,0.66402
0.663959,0.663959
0.663898,0.663899
0.663837,0.663838
0.663776,0.663776
0.663715,0.663715
0.663653,0.663653
0.663591,0.663591
0.663528,0.663528
0.663466,0.663466
0.663403,0.663403
0.66334,0.66334
0.663276,0.663276
0.663212,0.663213
0.663148,0.663149
0.663084,0.663084
0.663019,0.66302
0.662955,0.662955
0.66289,0.66289
0.662824,0.662824
0.662759,0.662759
0.662693,0.662693
0.662627,0.662627
0.66256,0.66256
0.662493,0.662494
0.662426,0.662427
0.662359,0.662359
0.662292,0.662292
0.662224,0.662224
0.662156,0.662156
0.662088,0.662088
0.662019,0.662019
0.66195,0.66195
0.661881,0.661881
0.661812,0.661812
0.661742,0.661742
0.661672,0.661673
0.661602,0.661603
0.661532,0.661532
0.661461,0.661461
0.66139,0.661391
0.661319,0.661319
0.661248,0.661248
0.661176,0.661176
0.661104,0.661104
0.661032,0.661032
0.66096,0.66096
0.660887,0.660887
0.660814,0.660814
0.660741,0.660741
0.660667,0.660668
0.660594,0.660594
0.66052,0.66052
0.660445,0.660446
0.660371,0.660371
0.660296,0.660297
0.660221,0.660222
0.660146,0.660146
0.660071,0.660071
0.659995,0.659995
0.659919,0.659919
0.659843,0.659843
0.659766,0.659767
0.65969,0.65969
0.659613,0.659613
0.659536,0.659536
0.659458,0.659458
0.65938,0.659381
0.659303,0.659303
0.659224,0.659225
0.659146,0.659146
0.659067,0.659068
0.658988,0.658989
0.658909,0.658909
0.65883,0.65883
0.65875,0.65875
0.65867,0.658671
0.65859,0.658591
0.65851,0.65851
0.658429,0.65843
0.658349,0.658349
0.658268,0.658268
0.658186,0.658186
0.658105,0.658105
0.658023,0.658023
0.657941,0.657941
0.657859,0.657859
0.657776,0.657776
0.657694,0.657694
0.657611,0.657611
0.657527,0.657528
0.657444,0.657444
0.65736,0.657361
0.657277,0.657277
0.657192,0.657193
0.657108,0.657108
0.657024,0.657024
0.656939,0.656939
0.656854,0.656854
0.656768,0.656769
0.656683,0.656683
0.656597,0.656597
0.656511,0.656512
0.656425,0.656425
0.656339,0.656339
0.656252,0.656252
0.656165,0.656165
0.656078,0.656078
0.655991,0.655991
0.655903,0.655904
0.655816,0.655816
0.655728,0.655728
0.655639,0.65564
0.655551,0.655551
0.655462,0.655463
0.655373,0.655374
0.655284,0.655285
0.655195,0.655195
0.655106,0.655106
0.655016,0.655016
0.654926,0.654926
0.654836,0.654836
0.654745,0.654745
0.654655,0.654655
0.654564,0.654564
0.654473,0.654473
0.654381,0.654382
0.65429,0.65429
0.654198,0.654198
0.654106,0.654106
0.654014,0.654014
0.653922,0.653922
0.653829,0.653829
0.653736,0.653737
0.653643,0.653644
0.65355,0.65355
0.653457,0.653457
0.653363,0.653363
0.653269,0.653269
0.653175,0.653175
0.653081,0.653081
0.652986,0.652987
0.652892,0.652892
0.652797,0.652797
0.652702,0.652702
0.652606,0.652606
0.652511,0.652511
0.652415,0.652415
0.652319,0.652319
0.652223,0.652223
0.652126,0.652127
0.65203,0.65203
0.651933,0.651933
0.651836,0.651836
0.651739,0.651739
0.651641,0.651642
0.651544,0.651544
0.651446,0.651446
0.651348,0.651348
0.65125,0.65125
0.651151,0.651152
0.651053,0.651053
0.650954,0.650954
0.650855,0.650855
0.650756,0.650756
0.650656,0.650656
0.650557,0.650557
0.650457,0.650457
0.650357,0.650357
0.650256,0.650257
0.650156,0.650156
0.650055,0.650056
0.649955,0.649955
0.649854,0.649854
0.649752,0.649752
0.649651,0.649651
0.649549,0.649549
0.649447,0.649448
0.649345,0.649346
0.649243,0.649243
0.649141,0.649141
0.649038,0.649038
0.648935,0.648936
0.648832,0.648833
0.648729,0.648729
0.648626,0.648626
0.648522,0.648522
0.648418,0.648419
0.648315,0.648315
0.64821,0.648211
0.648106,0.648106
0.648002,0.648002
0.647897,0.647897
0.647792,0.647792
0.647687,0.647687
0.647582,0.647582
0.647476,0.647476
0.64737,0.647371
0.647265,0.647265
0.647158,0.647159
0.647052,0.647052
0.646946,0.646946
0.646839,0.646839
0.646732,0.646733
0.646625,0.646626
0.646518,0.646518
0.646411,0.646411
0.646303,0.646304
0.646196,0.646196
0.646088,0.646088
0.64598,0.64598
0.645871,0.645872
0.645763,0.645763
0.645654,0.645655
0.645546,0.645546
0.645437,0.645437
0.645327,0.645328
0.645218,0.645218
0.645108,0.645109
0.644999,0.644999
0.644889,0.644889
0.644779,0.644779
0.644668,0.644669
0.644558,0.644558
0.644447,0.644448
0.644337,0.644337
0.644226,0.644226
0.644114,0.644115
0.644003,0.644003
0.643892,0.643892
0.64378,0.64378
0.643668,0.643668
0.643556,0.643556
0.643444,0.643444
0.643331,0.643332
0.643219,0.643219
0.643106,0.643106
0.642993,0.642993
0.64288,0.64288
0.642767,0.642767
0.642653,0.642654
0.64254,0.64254
0.642426,0.642426
0.642312,0.642312
0.642198,0.642198
0.642084,0.642084
0.641969,0.641969
0.641855,0.641855
0.64174,0.64174
0.641625,0.641625
0.64151,0.64151
0.641394,0.641395
0.641279,0.641279
0.641163,0.641163
0.641047,0.641048
0.640931,0.640932
0.640815,0.640815
0.640699,0.640699
0.640582,0.640583
0.640466,0.640466
0.640349,0.640349
0.640232,0.640232
0.640115,0.640115
0.639997,0.639998
0.63988,0.63988
0.639762,0.639762
0.639644,0.639645
0.639526,0.639527
0.639408,0.639409
0.63929,0.63929
0.639172,0.639172
0.639053,0.639053
0.638934,0.638934
0.638815,0.638815
0.638696,0.638696
0.638577,0.638577
0.638457,0.638458
0.638338,0.638338
0.638218,0.638218
0.638098,0.638098
0.637978,0.637978
0.637858,0.637858
0.637737,0.637737
0.637617,0.637617
0.637496,0.637496
0.637375,0.637375
0.637254,0.637254
0.637133,0.637133
0.637012,0.637012
0.63689,0.63689
0.636768,0.636769
0.636647,0.636647
0.636525,0.636525
0.636402,0.636403
0.63628,0.63628
0.636158,0.636158
0.636035,0.636035
0.635912,0.635913
0.635789,0.63579
0.635666,0.635667
0.635543,0.635543
0.63542,0.63542
0.635296,0.635296
0.635173,0.635173
0.635049,0.635049
0.634925,0.634925
0.634801,0.634801
0.634676,0.634677
0.634552,0.634552
0.634427,0.634428
0.634303,0.634303
0.634178,0.634178
0.634053,0.634053
0.633927,0.633928
0.633802,0.633802
0.633677,0.633677
0.633551,0.633551
0.633425,0.633425
0.633299,0.6333
0.633173,0.633173
0.633047,0.633047
0.632921,0.632921
0.632794,0.632794
0.632667,0.632668
0.632541,0.632541
0.632414,0.632414
0.632287,0.632287
0.632159,0.63216
0.632032,0.632032
0.631904,0.631905
0.631777,0.631777
0.631649,0.631649
0.631521,0.631521
0.631393,0.631393
0.631265,0.631265
0.631136,0.631136
0.631008,0.631008
0.630879,0.630879
0.63075,0.63075
0.630621,0.630621
0.630492,0.630492
0.630363,0.630363
0.630233,0.630234
0.630104,0.630104
0.629974,0.629974
0.629844,0.629845
0.629714,0.629715
0.629584,0.629584
0.629454,0.629454
0.629324,0.629324
0.629193,0.629193
0.629062,0.629063
0.628932,0.628932
0.628801,0.628801
0.62867,0.62867
0.628538,0.628539
0.628407,0.628407
0.628276,0.628276
0.628144,0.628144
0.628012,0.628012
0.62788,0.627881
0.627748,0.627749
0.627616,0.627616
0.627484,0.627484
0.627351,0.627352
0.627219,0.627219
0.627086,0.627086
0.626953,0.626954
0.62682,0.626821
0.626687,0.626687
0.626554,0.626554
0.626421,0.626421
0.626287,0.626287
0.626153,0.626154
0.62602,0.62602
0.625886,0.625886
0.625752,0.625752
0.625618,0.625618
0.625483,0.625484
0.625349,0.625349
0.625214,0.625215
0.62508,0.62508
0.624945,0.624945
0.62481,0.62481
0.624675,0.624675
0.62454,0.62454
0.624404,0.624404
0.624269,0.624269
0.624133,0.624133
0.623997,0.623998
0.623862,0.623862
0.623726,0.623726
0.623589,0.62359
0.623453,0.623453
0.623317,0.623317
0.62318,0.623181
0.623044,0.623044
0.622907,0.622907
0.62277,0.62277
0.622633,0.622633
0.622496,0.622496
0.622359,0.622359
0.622221,0.622222
0.622084,0.622084
0.621946,0.621947
0.621809,0.621809
0.621671,0.621671
0.621533,0.621533
0.621395,0.621395
0.621256,0.621257
0.621118,0.621118
0.620979,0.62098
0.620841,0.620841
0.620702,0.620702
0.620563,0.620563
0.620424,0.620424
0.620285,0.620285
0.620146,0.620146
0.620007,0.620007
0.619867,0.619867
0.619728,0.619728
0.619588,0.619588
0.619448,0.619448
0.619308,0.619308
0.619168,0.619168
0.619028,0.619028
0.618888,0.618888
0.618747,0.618747
0.618607,0.618607
0.618466,0.618466
0.618325,0.618325
0.618184,0.618184
0.618043,0.618043
0.617902,0.617902
0.617761,0.617761
0.617619,0.61762
0.617478,0.617478
0.617336,0.617337
0.617195,0.617195
0.617053,0.617053
0.616911,0.616911
0.616769,0.616769
0.616627,0.616627
0.616484,0.616484
0.616342,0.616342
0.616199,0.6162
0.616057,0.616057
0.615914,0.615914
0.615771,0.615771
0.615628,0.615628
0.615485,0.615485
0.615342,0.615342
0.615198,0.615199
0.615055,0.615055
0.614911,0.614912
0.614768,0.614768
0.614624,0.614624
0.61448,0.61448
0.614336,0.614336
0.614192,0.614192
0.614048,0.614048
0.613903,0.613904
0.613759,0.613759
0.613614,0.613615
0.61347,0.61347
0.613325,0.613325
0.61318,0.61318
0.613035,0.613035
0.61289,0.61289
0.612745,0.612745
0.612599,0.6126
0.612454,0.612454
0.612308,0.612309
0.612163,0.612163
0.612017,0.612017
0.611871,0.611871
0.611725,0.611725
0.611579,0.611579
0.611433,0.611433
0.611287,0.611287
0.61114,0.61114
0.610994,0.610994
0.610847,0.610847
0.6107,0.6107
0.610553,0.610554
0.610406,0.610407
0.610259,0.61026
0.610112,0.610112
0.609965,0.609965
0.609818,0.609818
0.60967,0.60967
0.609523,0.609523
0.609375,0.609375
0.609227,0.609227
0.609079,0.609079
0.608931,0.608931
0.608783,0.608783
0.608635,0.608635
0.608487,0.608487
0.608338,0.608338
0.60819,0.60819
0.608041,0.608041
0.607892,0.607893
0.607744,0.607744
0.607595,0.607595
0.607446,0.607446
0.607297,0.607297
0.607147,0.607148
0.606998,0.606998
0.606849,0.606849
0.606699,0.606699
0.606549,0.60655
0.6064,0.6064
0.60625,0.60625
0.6061,0.6061
0.60595,0.60595
0.6058,0.6058
0.60565,0.60565
0.605499,0.605499
0.605349,0.605349
0.605198,0.605198
0.605048,0.605048
0.604897,0.604897
0.604746,0.604746
0.604595,0.604595
0.604444,0.604444
0.604293,0.604293
0.604142,0.604142
0.60399,0.603991
0.603839,0.603839
0.603688,0.603688
0.603536,0.603536
0.603384,0.603384
0.603232,0.603233
0.603081,0.603081
0.602929,0.602929
0.602777,0.602777
0.602624,0.602625
0.602472,0.602472
0.60232,0.60232
0.602167,0.602167
0.602015,0.602015
0.601862,0.601862
0.601709,0.601709
0.601556,0.601557
0.601403,0.601404
0.60125,0.601251
0.601097,0.601098
0.600944,0.600944
0.600791,0.600791
0.600637,0.600638
0.600484,0.600484
0.60033,0.600331
0.600177,0.600177
0.600023,0.600023
0.599869,0.599869
0.599715,0.599715
0.599561,0.599561
0.599407,0.599407
0.599253,0.599253
0.599098,0.599098
0.598944,0.598944
0.598789,0.59879
0.598635,0.598635
0.59848,0.59848
0.598325,0.598325
0.59817,0.598171
0.598015,0.598016
0.59786,0.597861
0.597705,0.597705
0.59755,0.59755
0.597395,0.597395
0.597239,0.59724
0.597084,0.597084
0.596928,0.596928
0.596773,0.596773
0.596617,0.596617
0.596461,0.596461
0.596305,0.596305
0.596149,0.596149
0.595993,0.595993
0.595837,0.595837
0.59568,0.595681
0.595524,0.595524
0.595368,0.595368
0.595211,0.595211
0.595054,0.595055
0.594898,0.594898
0.594741,0.594741
0.594584,0.594584
0.594427,0.594427
0.59427,0.59427
0.594113,0.594113
0.593955,0.593956
0.593798,0.593798
0.593641,0.593641
0.593483,0.593483
0.593326,0.593326
0.593168,0.593168
0.59301,0.59301
0.592852,0.592853
0.592694,0.592695
0.592536,0.592537
0.592378,0.592379
0.59222,0.59222
0.592062,0.592062
0.591904,0.591904
0.591745,0.591745
0.591587,0.591587
0.591428,0.591428
0.591269,0.59127
0.591111,0.591111
0.590952,0.590952
0.590793,0.590793
0.590634,0.590634
0.590475,0.590475
0.590316,0.590316
0.590157,0.590157
0.589997,0.589997
0.589838,0.589838
0.589678,0.589678
0.589519,0.589519
0.589359,0.589359
0.589199,0.5892
0.58904,0.58904
0.58888,0.58888
0.58872,0.58872
0.58856,0.58856
0.5884,0.5884
0.588239,0.58824
0.588079,0.588079
0.587919,0.587919
0.587758,0.587758
0.587598,0.587598
0.587437,0.587437
0.587276,0.587277
0.587116,0.587116
0.586955,0.586955
0.586794,0.586794
0.586633,0.586633
0.586472,0.586472
0.586311,0.586311
0.586149,0.58615
0.585988,0.585988
0.585827,0.585827
0.585665,0.585666
0.585504,0.585504
0.585342,0.585342
0.585181,0.585181
0.585019,0.585019
0.584857,0.584857
0.584695,0.584695
0.584533,0.584533
0.584371,0.584371
0.584209,0.584209
0.584047,0.584047
0.583884,0.583884
0.583722,0.583722
0.583559,0.58356
0.583397,0.583397
0.583234,0.583235
0.583072,0.583072
0.582909,0.582909
0.582746,0.582746
0.582583,0.582583
0.58242,0.58242
0.582257,0.582257
0.582094,0.582094
0.581931,0.581931
0.581768,0.581768
0.581604,0.581605
0.581441,0.581441
0.581277,0.581278
0.581114,0.581114
0.58095,0.58095
0.580787,0.580787
0.580623,0.580623
0.580459,0.580459
0.580295,0.580295
0.580131,0.580131
0.579967,0.579967
0.579803,0.579803
0.579639,0.579639
0.579474,0.579475
0.57931,0.57931
0.579146,0.579146
0.578981,0.578981
0.578817,0.578817
0.578652,0.578652
0.578487,0.578487
0.578322,0.578323
0.578158,0.578158
0.577993,0.577993
0.577828,0.577828
0.577663,0.577663
0.577498,0.577498
0.577332,0.577333
0.577167,0.577167
0.577002,0.577002
0.576836,0.576837
0.576671,0.576671
0.576505,0.576506
0.57634,0.57634
0.576174,0.576174
0.576008,0.576009
0.575843,0.575843
0.575677,0.575677
0.575511,0.575511
0.575345,0.575345
0.575179,0.575179
0.575012,0.575013
0.574846,0.574846
0.57468,0.57468
0.574514,0.574514
0.574347,0.574347
0.574181,0.574181
0.574014,0.574014
0.573848,0.573848
0.573681,0.573681
0.573514,0.573514
0.573347,0.573348
0.57318,0.573181
0.573013,0.573014
0.572846,0.572847
0.572679,0.57268
0.572512,0.572512
0.572345,0.572345
0.572178,0.572178
0.57201,0.572011
0.571843,0.571843
0.571676,0.571676
0.571508,0.571508
0.57134,0.571341
0.571173,0.571173
0.571005,0.571005
0.570837,0.570837
0.570669,0.57067
0.570501,0.570502
0.570333,0.570334
0.570165,0.570166
0.569997,0.569997
0.569829,0.569829
0.569661,0.569661
0.569492,0.569493
0.569324,0.569324
0.569156,0.569156
0.568987,0.568987
0.568819,0.568819
0.56865,0.56865
0.568481,0.568482
0.568313,0.568313
0.568144,0.568144
0.567975,0.567975
0.567806,0.567806
0.567637,0.567637
0.567468,0.567468
0.567299,0.567299
0.56713,0.56713
0.56696,0.566961
0.566791,0.566791
0.566622,0.566622
0.566452,0.566452
0.566283,0.566283
0.566113,0.566113
0.565944,0.565944
0.565774,0.565774
0.565604,0.565604
0.565434,0.565435
0.565265,0.565265
0.565095,0.565095
0.564925,0.564925
0.564755,0.564755
0.564585,0.564585
0.564414,0.564415
0.564244,0.564244
0.564074,0.564074
0.563904,0.563904
0.563733,0.563733
0.563563,0.563563
0.563392,0.563392
0.563222,0.563222
0.563051,0.563051
0.56288,0.562881
0.56271,0.56271
0.562539,0.562539
0.562368,0.562368
0.562197,0.562197
0.562026,0.562026
0.561855,0.561855
0.561684,0.561684
0.561513,0.561513
0.561342,0.561342
0.56117,0.561171
0.560999,0.560999
0.560828,0.560828
0.560656,0.560656
0.560485,0.560485
0.560313,0.560313
0.560142,0.560142
0.55997,0.55997
0.559798,0.559798
0.559627,0.559627
0.559455,0.559455
0.559283,0.559283
0.559111,0.559111
0.558939,0.558939
0.558767,0.558767
0.558595,0.558595
0.558423,0.558423
0.55825,0.55825
0.558078,0.558078
0.557906,0.557906
0.557733,0.557734
0.557561,0.557561
0.557388,0.557389
0.557216,0.557216
0.557043,0.557043
0.556871,0.556871
0.556698,0.556698
0.556525,0.556525
0.556352,0.556352
0.556179,0.55618
0.556006,0.556007
0.555833,0.555834
0.55566,0.555661
0.555487,0.555488
0.555314,0.555314
0.555141,0.555141
0.554968,0.554968
0.554794,0.554795
0.554621,0.554621
0.554448,0.554448
0.554274,0.554274
0.554101,0.554101
0.553927,0.553927
0.553753,0.553754
0.55358,0.55358
0.553406,0.553406
0.553232,0.553232
0.553058,0.553059
0.552885,0.552885
0.552711,0.552711
0.552537,0.552537
0.552363,0.552363
0.552188,0.552189
0.552014,0.552015
0.55184,0.55184
0.551666,0.551666
0.551492,0.551492
0.551317,0.551317
0.551143,0.551143
0.550968,0.550969
0.550794,0.550794
0.550619,0.55062
0.550445,0.550445
0.55027,0.55027
0.550095,0.550096
0.549921,0.549921
0.549746,0.549746
0.549571,0.549571
0.549396,0.549396
0.549221,0.549221
0.549046,0.549046
0.548871,0.548871
0.548696,0.548696
0.548521,0.548521
0.548346,0.548346
0.54817,0.54817
0.547995,0.547995
0.54782,0.54782
0.547644,0.547644
0.547469,0.547469
0.547293,0.547293
0.547118,0.547118
0.546942,0.546942
0.546766,0.546767
0.546591,0.546591
0.546415,0.546415
0.546239,0.546239
0.546063,0.546064
0.545888,0.545888
0.545712,0.545712
0.545536,0.545536
0.54536,0.54536
0.545183,0.545184
0.545007,0.545008
0.544831,0.544831
0.544655,0.544655
0.544479,0.544479
0.544302,0.544303
0.544126,0.544126
0.54395,0.54395
0.543773,0.543773
0.543597,0.543597
0.54342,0.54342
0.543243,0.543244
0.543067,0.543067
0.54289,0.54289
0.542713,0.542714
0.542537,0.542537
0.54236,0.54236
0.542183,0.542183
0.542006,0.542006
0.541829,0.541829
0.541652,0.541652
0.541475,0.541475
0.541298,0.541298
0.541121,0.541121
0.540943,0.540944
0.540766,0.540766
0.540589,0.540589
0.540412,0.540412
0.540234,0.540234
0.540057,0.540057
0.539879,0.539879
0.539702,0.539702
0.539524,0.539524
0.539347,0.539347
0.539169,0.539169
0.538991,0.538991
0.538813,0.538814
0.538636,0.538636
0.538458,0.538458
0.53828,0.53828
0.538102,0.538102
0.537924,0.537924
0.537746,0.537746
0.537568,0.537568
0.53739,0.53739
0.537212,0.537212
0.537034,0.537034
0.536855,0.536856
0.536677,0.536677
0.536499,0.536499
0.536321,0.536321
0.536142,0.536142
0.535964,0.535964
0.535785,0.535785
0.535607,0.535607
0.535428,0.535428
0.53525,0.53525
0.535071,0.535071
0.534892,0.534892
0.534713,0.534714
0.534535,0.534535
0.534356,0.534356
0.534177,0.534177
0.533998,0.533998
0.533819,0.533819
0.53364,0.53364
0.533461,0.533461
0.533282,0.533282
0.533103,0.533103
0.532924,0.532924
0.532745,0.532745
0.532565,0.532565
0.532386,0.532386
0.532207,0.532207
0.532027,0.532027
0.531848,0.531848
0.531668,0.531669
0.531489,0.531489
0.531309,0.53131
0.53113,0.53113
0.53095,0.53095
0.530771,0.530771
0.530591,0.530591
0.530411,0.530411
0.530231,0.530232
0.530052,0.530052
0.529872,0.529872
0.529692,0.529692
0.529512,0.529512
0.529332,0.529332
0.529152,0.529152
0.528972,0.528972
0.528792,0.528792
0.528612,0.528612
0.528431,0.528432
0.528251,0.528251
0.528071,0.528071
0.527891,0.527891
0.52771,0.527711
0.52753,0.52753
0.52735,0.52735
0.527169,0.527169
0.526989,0.526989
0.526808,0.526808
0.526628,0.526628
0.526447,0.526447
0.526266,0.526267
0.526086,0.526086
0.525905,0.525905
0.525724,0.525724
0.525543,0.525544
0.525363,0.525363
0.525182,0.525182
0.525001,0.525001
0.52482,0.52482
0.524639,0.524639
0.524458,0.524458
0.524277,0.524277
0.524096,0.524096
0.523915,0.523915
0.523733,0.523734
0.523552,0.523552
0.523371,0.523371
0.52319,0.52319
0.523008,0.523008
0.522827,0.522827
0.522646,0.522646
0.522464,0.522464
0.522283,0.522283
0.522101,0.522101
0.52192,0.52192
0.521738,0.521738
0.521556,0.521557
0.521375,0.521375
0.521193,0.521193
0.521011,0.521011
0.52083,0.52083
0.520648,0.520648
0.520466,0.520466
0.520284,0.520284
0.520102,0.520102
0.51992,0.51992
0.519738,0.519738
0.519556,0.519556
0.519374,0.519374
0.519192,0.519192
0.51901,0.51901
0.518828,0.518828
0.518646,0.518646
0.518463,0.518463
0.518281,0.518281
0.518099,0.518099
0.517916,0.517917
0.517734,0.517734
0.517552,0.517552
0.517369,0.517369
0.517187,0.517187
0.517004,0.517004
0.516822,0.516822
0.516639,0.516639
0.516456,0.516457
0.516274,0.516274
0.516091,0.516091
0.515908,0.515909
0.515726,0.515726
0.515543,0.515543
0.51536,0.51536
0.515177,0.515177
0.514994,0.514994
0.514811,0.514812
0.514628,0.514629
0.514445,0.514446
0.514262,0.514263
0.514079,0.514079
0.513896,0.513896
0.513713,0.513713
0.51353,0.51353
0.513347,0.513347
0.513163,0.513164
0.51298,0.51298
0.512797,0.512797
0.512614,0.512614
0.51243,0.51243
0.512247,0.512247
0.512063,0.512064
0.51188,0.51188
0.511696,0.511697
0.511513,0.511513
0.511329,0.51133
0.511146,0.511146
0.510962,0.510962
0.510778,0.510779
0.510595,0.510595
0.510411,0.510411
0.510227,0.510227
0.510044,0.510044
0.50986,0.50986
0.509676,0.509676
0.509492,0.509492
0.509308,0.509308
0.509124,0.509124
0.50894,0.50894
0.508756,0.508756
0.508572,0.508572
0.508388,0.508388
0.508204,0.508204
0.50802,0.50802
0.507836,0.507836
0.507651,0.507652
0.507467,0.507467
0.507283,0.507283
0.507099,0.507099
0.506914,0.506914
0.50673,0.50673
0.506545,0.506546
0.506361,0.506361
0.506177,0.506177
0.505992,0.505992
0.505808,0.505808
0.505623,0.505623
0.505438,0.505439
0.505254,0.505254
0.505069,0.505069
0.504885,0.504885
0.5047,0.5047
0.504515,0.504515
0.50433,0.504331
0.504146,0.504146
0.503961,0.503961
0.503776,0.503776
0.503591,0.503591
0.503406,0.503406
0.503221,0.503221
0.503036,0.503036
0.502851,0.502851
0.502666,0.502666
0.502481,0.502481
0.502296,0.502296
0.502111,0.502111
0.501926,0.501926
0.501741,0.501741
0.501555,0.501556
0.50137,0.50137
0.501185,0.501185
0.501,0.501
0.500814,0.500814
0.500629,0.500629
0.500443,0.500444
0.500258,0.500258
0.500073,0.500073
0.499887,0.499887
0.499702,0.499702
0.499516,0.499516
0.499331,0.499331
0.499145,0.499145
0.498959,0.49896
0.498774,0.498774
0.498588,0.498588
0.498402,0.498403
0.498217,0.498217
0.498031,0.498031
0.497845,0.497845
0.497659,0.497659
0.497473,0.497474
0.497288,0.497288
0.497102,0.497102
0.496916,0.496916
0.49673,0.49673
0.496544,0.496544
0.496358,0.496358
0.496172,0.496172
0.495986,0.495986
0.4958,0.4958
0.495613,0.495614
0.495427,0.495427
0.495241,0.495241
0.495055,0.495055
0.494869,0.494869
0.494682,0.494683
0.494496,0.494496
0.49431,0.49431
0.494123,0.494124
0.493937,0.493937
0.493751,0.493751
0.493564,0.493564
0.493378,0.493378
0.493191,0.493192
0.493005,0.493005
0.492818,0.492818
0.492632,0.492632
0.492445,0.492445
0.492259,0.492259
0.492072,0.492072
0.491885,0.491885
0.491699,0.491699
0.491512,0.491512
0.491325,0.491325
0.491138,0.491138
0.490952,0.490952
0.490765,0.490765
0.490578,0.490578
0.490391,0.490391
0.490204,0.490204
0.490017,0.490017
0.48983,0.48983
0.489643,0.489643
0.489456,0.489456
0.489269,0.489269
0.489082,0.489082
0.488895,0.488895
0.488708,0.488708
0.488521,0.488521
0.488334,0.488334
0.488146,0.488147
0.487959,0.487959
0.487772,0.487772
0.487585,0.487585
0.487397,0.487398
0.48721,0.48721
0.487023,0.487023
0.486835,0.486836
0.486648,0.486648
0.486461,0.486461
0.486273,0.486273
0.486086,0.486086
0.485898,0.485898
0.485711,0.485711
0.485523,0.485523
0.485336,0.485336
0.485148,0.485148
0.48496,0.484961
0.484773,0.484773
0.484585,0.484585
0.484397,0.484398
0.48421,0.48421
0.484022,0.484022
0.483834,0.483834
0.483646,0.483647
0.483459,0.483459
0.483271,0.483271
0.483083,0.483083
0.482895,0.482895
0.482707,0.482707
0.482519,0.482519
0.482331,0.482331
0.482143,0.482143
0.481955,0.481955
0.481767,0.481767
0.481579,0.481579
0.481391,0.481391
0.481203,0.481203
0.481015,0.481015
0.480827,0.480827
0.480639,0.480639
0.48045,0.480451
0.480262,0.480262
0.480074,0.480074
0.479886,0.479886
0.479697,0.479698
0.479509,0.479509
0.479321,0.479321
0.479132,0.479133
0.478944,0.478944
0.478756,0.478756
0.478567,0.478567
0.478379,0.478379
0.47819,0.478191
0.478002,0.478002
0.477813,0.477813
0.477625,0.477625
0.477436,0.477436
0.477248,0.477248
0.477059,0.477059
0.47687,0.476871
0.476682,0.476682
0.476493,0.476493
0.476304,0.476305
0.476116,0.476116
0.475927,0.475927
0.475738,0.475738
0.475549,0.47555
0.475361,0.475361
0.475172,0.475172
0.474983,0.474983
0.474794,0.474794
0.474605,0.474605
0.474416,0.474416
0.474227,0.474227
0.474038,0.474038
0.473849,0.473849
0.47366,0.47366
0.473471,0.473471
0.473282,0.473282
0.473093,0.473093
0.472904,0.472904
0.472715,0.472715
0.472526,0.472526
0.472337,0.472337
0.472147,0.472148
0.471958,0.471958
0.471769,0.471769
0.47158,0.47158
0.471391,0.471391
0.471201,0.471201
0.471012,0.471012
0.470823,0.470823
0.470633,0.470633
0.470444,0.470444
0.470254,0.470255
0.470065,0.470065
0.469876,0.469876
0.469686,0.469686
0.469497,0.469497
0.469307,0.469307
0.469118,0.469118
0.468928,0.468928
0.468739,0.468739
0.468549,0.468549
0.468359,0.46836
0.46817,0.46817
0.46798,0.46798
0.46779,0.467791
0.467601,0.467601
0.467411,0.467411
0.467221,0.467221
0.467032,0.467032
0.466842,0.466842
0.466652,0.466652
0.466462,0.466462
0.466272,0.466273
0.466083,0.466083
0.465893,0.465893
0.465703,0.465703
0.465513,0.465513
0.465323,0.465323
0.465133,0.465133
0.464943,0.464943
0.464753,0.464753
0.464563,0.464563
0.464373,0.464373
0.464183,0.464183
0.463993,0.463993
0.463803,0.463803
0.463613,0.463613
0.463423,0.463423
0.463232,0.463233
0.463042,0.463042
0.462852,0.462852
0.462662,0.462662
0.462472,0.462472
0.462281,0.462282
0.462091,0.462091
0.461901,0.461901
0.461711,0.461711
0.46152,0.46152
0.46133,0.46133
0.46114,0.46114
0.460949,0.460949
0.460759,0.460759
0.460568,0.460568
0.460378,0.460378
0.460187,0.460188
0.459997,0.459997
0.459806,0.459807
0.459616,0.459616
0.459425,0.459426
0.459235,0.459235
0.459044,0.459044
0.458854,0.458854
0.458663,0.458663
0.458472,0.458473
0.458282,0.458282
0.458091,0.458091
0.4579,0.457901
0.45771,0.45771
0.457519,0.457519
0.457328,0.457328
0.457138,0.457138
0.456947,0.456947
0.456756,0.456756
0.456565,0.456565
0.456374,0.456375
0.456184,0.456184
0.455993,0.455993
0.455802,0.455802
0.455611,0.455611
0.45542,0.45542
0.455229,0.455229
0.455038,0.455038
0.454847,0.454847
0.454656,0.454656
0.454465,0.454465
0.454274,0.454274
0.454083,0.454083
0.453892,0.453892
0.453701,0.453701
0.45351,0.45351
0.453319,0.453319
0.453128,0.453128
0.452936,0.452937
0.452745,0.452745
0.452554,0.452554
0.452363,0.452363
0.452172,0.452172
0.45198,0.451981
0.451789,0.451789
0.451598,0.451598
0.451407,0.451407
0.451215,0.451215
0.451024,0.451024
0.450833,0.450833
0.450641,0.450641
0.45045,0.45045
0.450258,0.450259
0.450067,0.450067
0.449876,0.449876
0.449684,0.449684
0.449493,0.449493
0.449301,0.449301
0.44911,0.44911
0.448918,0.448918
0.448727,0.448727
0.448535,0.448535
0.448344,0.448344
0.448152,0.448152
0.44796,0.447961
0.447769,0.447769
0.447577,0.447577
0.447386,0.447386
0.447194,0.447194
0.447002,0.447002
0.44681,0.446811
0.446619,0.446619
0.446427,0.446427
0.446235,0.446235
0.446044,0.446044
0.445852,0.445852
0.44566,0.44566
0.445468,0.445468
0.445276,0.445276
0.445084,0.445085
0.444893,0.444893
0.444701,0.444701
0.444509,0.444509
0.444317,0.444317
0.444125,0.444125
0.443933,0.443933
0.443741,0.443741
0.443549,0.443549
0.443357,0.443357
0.443165,0.443165
0.442973,0.442973
0.442781,0.442781
0.442589,0.442589
0.442397,0.442397
0.442205,0.442205
0.442013,0.442013
0.441821,0.441821
0.441629,0.441629
0.441436,0.441437
0.441244,0.441244
0.441052,0.441052
0.44086,0.44086
0.440668,0.440668
0.440475,0.440476
0.440283,0.440283
0.440091,0.440091
0.439899,0.439899
0.439706,0.439707
0.439514,0.439514
0.439322,0.439322
0.439129,0.43913
0.438937,0.438937
0.438745,0.438745
0.438552,0.438553
0.43836,0.43836
0.438168,0.438168
0.437975,0.437975
0.437783,0.437783
0.43759,0.43759
0.437398,0.437398
0.437205,0.437205
0.437013,0.437013
0.43682,0.43682
0.436628,0.436628
0.436435,0.436435
0.436243,0.436243
0.43605,0.43605
0.435858,0.435858
0.435665,0.435665
0.435472,0.435472
0.43528,0.43528
0.435087,0.435087
0.434894,0.434895
0.434702,0.434702
0.434509,0.434509
0.434316,0.434316
0.434124,0.434124
0.433931,0.433931
0.433738,0.433738
0.433545,0.433546
0.433353,0.433353
0.43316,0.43316
0.432967,0.432967
0.432774,0.432774
0.432581,0.432582
0.432389,0.432389
0.432196,0.432196
0.432003,0.432003
0.43181,0.43181
0.431617,0.431617
0.431424,0.431424
0.431231,0.431231
0.431038,0.431038
0.430845,0.430845
0.430652,0.430652
0.430459,0.430459
0.430266,0.430266
0.430073,0.430073
0.42988,0.42988
0.429687,0.429687
0.429494,0.429494
0.429301,0.429301
0.429108,0.429108
0.428915,0.428915
0.428722,0.428722
0.428529,0.428529
0.428336,0.428336
0.428142,0.428143
0.427949,0.427949
0.427756,0.427756
0.427563,0.427563
0.42737,0.42737
0.427176,0.427177
0.426983,0.426983
0.42679,0.42679
0.426597,0.426597
0.426403,0.426404
0.42621,0.42621
0.426017,0.426017
0.425823,0.425824
0.42563,0.42563
0.425437,0.425437
0.425243,0.425244
0.42505,0.42505
0.424857,0.424857
0.424663,0.424663
0.42447,0.42447
0.424277,0.424277
0.424083,0.424083
0.42389,0.42389
0.423696,0.423696
0.423503,0.423503
0.423309,0.423309
0.423116,0.423116
0.422922,0.422922
0.422729,0.422729
0.422535,0.422535
0.422342,0.422342
0.422148,0.422148
0.421954,0.421955
0.421761,0.421761
0.421567,0.421567
0.421374,0.421374
0.42118,0.42118
0.420986,0.420987
0.420793,0.420793
0.420599,0.420599
0.420405,0.420406
0.420212,0.420212
0.420018,0.420018
0.419824,0.419824
0.419631,0.419631
0.419437,0.419437
0.419243,0.419243
0.419049,0.41905
0.418856,0.418856
0.418662,0.418662
0.418468,0.418468
0.418274,0.418274
0.41808,0.418081
0.417887,0.417887
0.417693,0.417693
0.417499,0.417499
0.417305,0.417305
0.417111,0.417111
0.416917,0.416917
0.416723,0.416723
0.416529,0.41653
0.416335,0.416336
0.416141,0.416142
0.415948,0.415948
0.415754,0.415754
0.41556,0.41556
0.415366,0.415366
0.415172,0.415172
0.414978,0.414978
0.414784,0.414784
0.41459,0.41459
0.414395,0.414396
0.414201,0.414202
0.414007,0.414007
0.413813,0.413813
0.413619,0.413619
0.413425,0.413425
0.413231,0.413231
0.413037,0.413037
0.412843,0.412843
0.412648,0.412649
0.412454,0.412454
0.41226,0.41226
0.412066,0.412066
0.411872,0.411872
0.411678,0.411678
0.411483,0.411483
0.411289,0.411289
0.411095,0.411095
0.410901,0.410901
0.410706,0.410706
0.410512,0.410512
0.410318,0.410318
0.410123,0.410124
0.409929,0.409929
0.409735,0.409735
0.40954,0.409541
0.409346,0.409346
0.409152,0.409152
0.408957,0.408957
0.408763,0.408763
0.408569,0.408569
0.408374,0.408374
0.40818,0.40818
0.407985,0.407985
0.407791,0.407791
0.407596,0.407597
0.407402,0.407402
0.407207,0.407208
0.407013,0.407013
0.406818,0.406819
0.406624,0.406624
0.406429,0.40643
0.406235,0.406235
0.40604,0.406041
0.405846,0.405846
0.405651,0.405651
0.405457,0.405457
0.405262,0.405262
0.405068,0.405068
0.404873,0.404873
0.404678,0.404678
0.404484,0.404484
0.404289,0.404289
0.404094,0.404095
0.4039,0.4039
0.403705,0.403705
0.40351,0.403511
0.403316,0.403316
0.403121,0.403121
0.402926,0.402926
0.402732,0.402732
0.402537,0.402537
0.402342,0.402342
0.402147,0.402148
0.401953,0.401953
0.401758,0.401758
0.401563,0.401563
0.401368,0.401368
0.401174,0.401174
0.400979,0.400979
0.400784,0.400784
0.400589,0.400589
0.400394,0.400394
0.400199,0.400199
0.400004,0.400005
0.39981,0.39981
0.399615,0.399615
0.39942,0.39942
0.399225,0.399225
0.39903,0.39903
0.398835,0.398835
0.39864,0.39864
0.398445,0.398445
0.39825,0.39825
0.398055,0.398055
0.39786,0.39786
0.397665,0.397665
0.39747,0.39747
0.397275,0.397275
0.39708,0.39708
0.396885,0.396885
0.39669,0.39669
0.396495,0.396495
0.3963,0.3963
0.396105,0.396105
0.39591,0.39591
0.395715,0.395715
0.39552,0.39552
0.395325,0.395325
0.39513,0.39513
0.394935,0.394935
0.394739,0.39474
0.394544,0.394544
0.394349,0.394349
0.394154,0.394154
0.393959,0.393959
0.393764,0.393764
0.393568,0.393569
0.393373,0.393373
0.393178,0.393178
0.392983,0.392983
0.392788,0.392788
0.392592,0.392592
0.392397,0.392397
0.392202,0.392202
0.392007,0.392007
0.391811,0.391811
0.391616,0.391616
0.391421,0.391421
0.391225,0.391226
0.39103,0.39103
0.390835,0.390835
0.390639,0.39064
0.390444,0.390444
0.390249,0.390249
0.390053,0.390054
0.389858,0.389858
0.389663,0.389663
0.389467,0.389467
0.389272,0.389272
0.389077,0.389077
0.388881,0.388881
0.388686,0.388686
0.38849,0.38849
0.388295,0.388295
0.388099,0.3881
0.387904,0.387904
0.387708,0.387709
0.387513,0.387513
0.387318,0.387318
0.387122,0.387122
0.386927,0.386927
0.386731,0.386731
0.386535,0.386536
0.38634,0.38634
0.386144,0.386145
0.385949,0.385949
0.385753,0.385753
0.385558,0.385558
0.385362,0.385362
0.385167,0.385167
0.384971,0.384971
0.384775,0.384776
0.38458,0.38458
0.384384,0.384384
0.384189,0.384189
0.383993,0.383993
0.383797,0.383797
0.383602,0.383602
0.383406,0.383406
0.38321,0.38321
0.383015,0.383015
0.382819,0.382819
0.382623,0.382623
0.382428,0.382428
0.382232,0.382232
0.382036,0.382036
0.38184,0.381841
0.381645,0.381645
0.381449,0.381449
0.381253,0.381253
0.381057,0.381058
0.380862,0.380862
0.380666,0.380666
0.38047,0.38047
0.380274,0.380274
0.380079,0.380079
0.379883,0.379883
0.379687,0.379687
0.379491,0.379491
0.379295,0.379295
0.379099,0.3791
0.378904,0.378904
0.378708,0.378708
0.378512,0.378512
0.378316,0.378316
0.37812,0.37812
0.377924,0.377924
0.377728,0.377728
0.377532,0.377532
0.377336,0.377337
0.377141,0.377141
0.376945,0.376945
0.376749,0.376749
0.376553,0.376553
0.376357,0.376357
0.376161,0.376161
0.375965,0.375965
0.375769,0.375769
0.375573,0.375573
0.375377,0.375377
0.375181,0.375181
0.374985,0.374985
0.374789,0.374789
0.374593,0.374593
0.374397,0.374397
0.374201,0.374201
0.374005,0.374005
0.373809,0.373809
0.373613,0.373613
0.373416,0.373417
0.37322,0.37322
0.373024,0.373024
0.372828,0.372828
0.372632,0.372632
0.372436,0.372436
0.37224,0.37224
0.372044,0.372044
0.371848,0.371848
0.371651,0.371652
0.371455,0.371455
0.371259,0.371259
0.371063,0.371063
0.370867,0.370867
0.370671,0.370671
0.370474,0.370475
0.370278,0.370278
0.370082,0.370082
0.369886,0.369886
0.36969,0.36969
0.369493,0.369493
0.369297,0.369297
0.369101,0.369101
0.368905,0.368905
0.368708,0.368708
0.368512,0.368512
0.368316,0.368316
0.36812,0.36812
0.367923,0.367923
0.367727,0.367727
0.367531,0.367531
0.367334,0.367334
0.367138,0.367138
0.366942,0.366942
0.366745,0.366746
0.366549,0.366549
0.366353,0.366353
0.366156,0.366156
0.36596,0.36596
0.365764,0.365764
0.365567,0.365567
0.365371,0.365371
0.365175,0.365175
0.364978,0.364978
0.364782,0.364782
0.364585,0.364585
0.364389,0.364389
0.364192,0.364193
0.363996,0.363996
0.3638,0.3638
0.363603,0.363603
0.363407,0.363407
0.36321,0.36321
0.363014,0.363014
0.362817,0.362817
0.362621,0.362621
0.362424,0.362424
0.362228,0.362228
0.362031,0.362031
0.361835,0.361835
0.361638,0.361638
0.361442,0.361442
0.361245,0.361245
0.361049,0.361049
0.360852,0.360852
0.360656,0.360656
0.360459,0.360459
0.360263,0.360263
0.360066,0.360066
0.359869,0.35987
0.359673,0.359673
0.359476,0.359476
0.35928,0.35928
0.359083,0.359083
0.358886,0.358887
0.35869,0.35869
0.358493,0.358493
0.358297,0.358297
0.3581,0.3581
0.357903,0.357903
0.357707,0.357707
0.35751,0.35751
0.357313,0.357313
0.357117,0.357117
0.35692,0.35692
0.356723,0.356723
0.356527,0.356527
0.35633,0.35633
0.356133,0.356133
0.355937,0.355937
0.35574,0.35574
0.355543,0.355543
0.355346,0.355347
0.35515,0.35515
0.354953,0.354953
0.354756,0.354756
0.354559,0.35456
0.354363,0.354363
0.354166,0.354166
0.353969,0.353969
0.353772,0.353772
0.353576,0.353576
0.353379,0.353379
0.353182,0.353182
0.352985,0.352985
0.352788,0.352788
0.352592,0.352592
0.352395,0.352395
0.352198,0.352198
0.352001,0.352001
0.351804,0.351804
0.351607,0.351608
0.351411,0.351411
0.351214,0.351214
0.351017,0.351017
0.35082,0.35082
0.350623,0.350623
0.350426,0.350426
0.350229,0.350229
0.350032,0.350033
0.349836,0.349836
0.349639,0.349639
0.349442,0.349442
0.349245,0.349245
0.349048,0.349048
0.348851,0.348851
0.348654,0.348654
0.348457,0.348457
0.34826,0.34826
0.348063,0.348063
0.347866,0.347866
0.347669,0.347669
0.347472,0.347472
0.347275,0.347275
0.347078,0.347078
0.346881,0.346881
0.346684,0.346684
0.346487,0.346487
0.34629,0.34629
0.346093,0.346093
0.345896,0.345896
0.345699,0.345699
0.345502,0.345502
0.345305,0.345305
0.345108,0.345108
0.344911,0.344911
0.344714,0.344714
0.344517,0.344517
0.34432,0.34432
0.344123,0.344123
0.343926,0.343926
0.343729,0.343729
0.343532,0.343532
0.343334,0.343335
0.343137,0.343137
0.34294,0.34294
0.342743,0.342743
0.342546,0.342546
0.342349,0.342349
0.342152,0.342152
0.341955,0.341955
0.341757,0.341758
0.34156,0.34156
0.341363,0.341363
0.341166,0.341166
0.340969,0.340969
0.340772,0.340772
0.340574,0.340575
0.340377,0.340377
0.34018,0.34018
0.339983,0.339983
0.339786,0.339786
0.339589,0.339589
0.339391,0.339391
0.339194,0.339194
0.338997,0.338997
0.3388,0.3388
0.338602,0.338603
0.338405,0.338405
0.338208,0.338208
0.338011,0.338011
0.337813,0.337814
0.337616,0.337616
0.337419,0.337419
0.337222,0.337222
0.337024,0.337025
0.336827,0.336827
0.33663,0.33663
0.336433,0.336433
0.336235,0.336235
0.336038,0.336038
0.335841,0.335841
0.335643,0.335643
0.335446,0.335446
0.335249,0.335249
0.335051,0.335051
0.334854,0.334854
0.334657,0.334657
0.334459,0.334459
0.334262,0.334262
0.334065,0.334065
0.333867,0.333867
0.33367,0.33367
0.333473,0.333473
0.333275,0.333275
0.333078,0.333078
0.33288,0.332881
0.332683,0.332683
0.332486,0.332486
0.332288,0.332288
0.332091,0.332091
0.331893,0.331894
0.331696,0.331696
0.331499,0.331499
0.331301,0.331301
0.331104,0.331104
0.330906,0.330906
0.330709,0.330709
0.330511,0.330512
0.330314,0.330314
0.330117,0.330117
0.329919,0.329919
0.329722,0.329722
0.329524,0.329524
0.329327,0.329327
0.329129,0.329129
0.328932,0.328932
0.328734,0.328734
0.328537,0.328537
0.328339,0.328339
0.328142,0.328142
0.327944,0.327944
0.327747,0.327747
0.327549,0.327549
0.327352,0.327352
0.327154,0.327154
0.326957,0.326957
0.326759,0.326759
0.326562,0.326562
0.326364,0.326364
0.326166,0.326167
0.325969,0.325969
0.325771,0.325771
0.325574,0.325574
0.325376,0.325376
0.325179,0.325179
0.324981,0.324981
0.324783,0.324784
0.324586,0.324586
0.324388,0.324388
0.324191,0.324191
0.323993,0.323993
0.323795,0.323796
0.323598,0.323598
0.3234,0.3234
0.323203,0.323203
0.323005,0.323005
0.322807,0.322807
0.32261,0.32261
0.322412,0.322412
0.322214,0.322215
0.322017,0.322017
0.321819,0.321819
0.321621,0.321622
0.321424,0.321424
0.321226,0.321226
0.321028,0.321029
0.320831,0.320831
0.320633,0.320633
0.320435,0.320435
0.320238,0.320238
0.32004,0.32004
0.319842,0.319842
0.319645,0.319645
0.319447,0.319447
0.319249,0.319249
0.319051,0.319052
0.318854,0.318854
0.318656,0.318656
0.318458,0.318458
0.318261,0.318261
0.318063,0.318063
0.317865,0.317865
0.317667,0.317667
0.31747,0.31747
0.317272,0.317272
0.317074,0.317074
0.316876,0.316876
0.316678,0.316679
0.316481,0.316481
0.316283,0.316283
0.316085,0.316085
0.315887,0.315887
0.31569,0.31569
0.315492,0.315492
0.315294,0.315294
0.315096,0.315096
0.314898,0.314898
0.314701,0.314701
0.314503,0.314503
0.314305,0.314305
0.314107,0.314107
0.313909,0.313909
0.313711,0.313711
0.313514,0.313514
0.313316,0.313316
0.313118,0.313118
0.31292,0.31292
0.312722,0.312722
0.312524,0.312524
0.312326,0.312327
0.312129,0.312129
0.311931,0.311931
0.311733,0.311733
0.311535,0.311535
0.311337,0.311337
0.311139,0.311139
0.310941,0.310941
0.310743,0.310743
0.310545,0.310546
0.310348,0.310348
0.31015,0.31015
0.309952,0.309952
0.309754,0.309754
0.309556,0.309556
0.309358,0.309358
0.30916,0.30916
0.308962,0.308962
0.308764,0.308764
0.308566,0.308566
0.308368,0.308368
0.30817,0.30817
0.307972,0.307972
0.307774,0.307774
0.307576,0.307577
0.307378,0.307379
0.30718,0.307181
0.306983,0.306983
0.306785,0.306785
0.306587,0.306587
0.306389,0.306389
0.306191,0.306191
0.305993,0.305993
0.305795,0.305795
0.305597,0.305597
0.305399,0.305399
0.305201,0.305201
0.305003,0.305003
0.304805,0.304805
0.304607,0.304607
0.304408,0.304409
0.30421,0.304211
0.304012,0.304013
0.303814,0.303814
0.303616,0.303616
0.303418,0.303418
0.30322,0.30322
0.303022,0.303022
0.302824,0.302824
0.302626,0.302626
0.302428,0.302428
0.30223,0.30223
0.302032,0.302032
0.301834,0.301834
0.301636,0.301636
0.301438,0.301438
0.30124,0.30124
0.301041,0.301042
0.300843,0.300843
0.300645,0.300645
0.300447,0.300447
0.300249,0.300249
0.300051,0.300051
0.299853,0.299853
0.299655,0.299655
0.299457,0.299457
0.299258,0.299259
0.29906,0.29906
0.298862,0.298862
0.298664,0.298664
0.298466,0.298466
0.298268,0.298268
0.29807,0.29807
0.297872,0.297872
0.297673,0.297673
0.297475,0.297475
0.297277,0.297277
0.297079,0.297079
0.296881,0.296881
0.296683,0.296683
0.296484,0.296484
0.296286,0.296286
0.296088,0.296088
0.29589,0.29589
0.295692,0.295692
0.295493,0.295494
0.295295,0.295295
0.295097,0.295097
0.294899,0.294899
0.294701,0.294701
0.294502,0.294503
0.294304,0.294304
0.294106,0.294106
0.293908,0.293908
0.29371,0.29371
0.293511,0.293511
0.293313,0.293313
0.293115,0.293115
0.292917,0.292917
0.292718,0.292719
0.29252,0.29252
0.292322,0.292322
0.292124,0.292124
0.291925,0.291926
0.291727,0.291727
0.291529,0.291529
0.291331,0.291331
0.291132,0.291132
0.290934,0.290934
0.290736,0.290736
0.290538,0.290538
0.290339,0.290339
0.290141,0.290141
0.289943,0.289943
0.289744,0.289745
0.289546,0.289546
0.289348,0.289348
0.28915,0.28915
0.288951,0.288951
0.288753,0.288753
0.288555,0.288555
0.288356,0.288356
0.288158,0.288158
0.28796,0.28796
0.287761,0.287761
0.287563,0.287563
0.287365,0.287365
0.287166,0.287166
0.286968,0.286968
0.28677,0.28677
0.286571,0.286571
0.286373,0.286373
0.286175,0.286175
0.285976,0.285976
0.285778,0.285778
0.28558,0.28558
0.285381,0.285381
0.285183,0.285183
0.284984,0.284985
0.284786,0.284786
0.284588,0.284588
0.284389,0.284389
0.284191,0.284191
0.283993,0.283993
0.283794,0.283794
0.283596,0.283596
0.283397,0.283398
0.283199,0.283199
0.283001,0.283001
0.282802,0.282802
0.282604,0.282604
0.282405,0.282405
0.282207,0.282207
0.282009,0.282009
0.28181,0.28181
0.281612,0.281612
0.281413,0.281413
0.281215,0.281215
0.281016,0.281017
0.280818,0.280818
0.28062,0.28062
0.280421,0.280421
0.280223,0.280223
0.280024,0.280024
0.279826,0.279826
0.279627,0.279627
0.279429,0.279429
0.27923,0.279231
0.279032,0.279032
0.278834,0.278834
0.278635,0.278635
0.278437,0.278437
0.278238,0.278238
0.27804,0.27804
0.277841,0.277841
0.277643,0.277643
0.277444,0.277444
0.277246,0.277246
0.277047,0.277047
0.276849,0.276849
0.27665,0.27665
0.276452,0.276452
0.276253,0.276253
0.276055,0.276055
0.275856,0.275856
0.275658,0.275658
0.275459,0.275459
0.275261,0.275261
0.275062,0.275062
0.274864,0.274864
0.274665,0.274665
0.274467,0.274467
0.274268,0.274268
0.27407,0.27407
0.273871,0.273871
0.273672,0.273673
0.273474,0.273474
0.273275,0.273275
0.273077,0.273077
0.272878,0.272878
0.27268,0.27268
0.272481,0.272481
0.272283,0.272283
0.272084,0.272084
0.271885,0.271886
0.271687,0.271687
0.271488,0.271488
0.27129,0.27129
0.271091,0.271091
0.270893,0.270893
0.270694,0.270694
0.270495,0.270496
0.270297,0.270297
0.270098,0.270098
0.2699,0.2699
0.269701,0.269701
0.269502,0.269503
0.269304,0.269304
0.269105,0.269105
0.268907,0.268907
0.268708,0.268708
0.268509,0.26851
0.268311,0.268311
0.268112,0.268112
0.267914,0.267914
0.267715,0.267715
0.267516,0.267516
0.267318,0.267318
0.267119,0.267119
0.26692,0.266921
0.266722,0.266722
0.266523,0.266523
0.266325,0.266325
0.266126,0.266126
0.265927,0.265927
0.265729,0.265729
0.26553,0.26553
0.265331,0.265331
0.265133,0.265133
0.264934,0.264934
0.264735,0.264735
0.264537,0.264537
0.264338,0.264338
0.264139,0.264139
0.263941,0.263941
0.263742,0.263742
0.263543,0.263543
0.263345,0.263345
0.263146,0.263146
0.262947,0.262947
0.262749,0.262749
0.26255,0.26255
0.262351,0.262351
0.262153,0.262153
0.261954,0.261954
0.261755,0.261755
0.261556,0.261557
0.261358,0.261358
0.261159,0.261159
0.26096,0.26096
0.260762,0.260762
0.260563,0.260563
0.260364,0.260364
0.260165,0.260166
0.259967,0.259967
0.259768,0.259768
0.259569,0.259569
0.259371,0.259371
0.259172,0.259172
0.258973,0.258973
0.258774,0.258774
0.258576,0.258576
0.258377,0.258377
0.258178,0.258178
0.257979,0.25798
0.257781,0.257781
0.257582,0.257582
0.257383,0.257383
0.257184,0.257185
0.256986,0.256986
0.256787,0.256787
0.256588,0.256588
0.256389,0.256389
0.256191,0.256191
0.255992,0.255992
0.255793,0.255793
0.255594,0.255594
0.255396,0.255396
0.255197,0.255197
0.254998,0.254998
0.254799,0.254799
0.2546,0.2546
0.254402,0.254402
0.254203,0.254203
0.254004,0.254004
0.253805,0.253805
0.253606,0.253607
0.253408,0.253408
0.253209,0.253209
0.25301,0.25301
0.252811,0.252811
0.252612,0.252612
0.252414,0.252414
0.252215,0.252215
0.252016,0.252016
0.251817,0.251817
0.251618,0.251618
0.25142,0.25142
0.251221,0.251221
0.251022,0.251022
0.250823,0.250823
0.250624,0.250624
0.250425,0.250425
0.250227,0.250227
0.250028,0.250028
0.249829,0.249829
0.24963,0.24963
0.249431,0.249431
0.249232,0.249232
0.249033,0.249034
0.248835,0.248835
0.248636,0.248636
0.248437,0.248437
0.248238,0.248238
0.248039,0.248039
0.24784,0.24784
0.247641,0.247642
0.247443,0.247443
0.247244,0.247244
0.247045,0.247045
0.246846,0.246846
0.246647,0.246647
0.246448,0.246448
0.246249,0.246249
0.24605,0.246051
0.245852,0.245852
0.245653,0.245653
0.245454,0.245454
0.245255,0.245255
0.245056,0.245056
0.244857,0.244857
0.244658,0.244658
0.244459,0.244459
0.24426,0.244261
0.244062,0.244062
0.243863,0.243863
0.243664,0.243664
0.243465,0.243465
0.243266,0.243266
0.243067,0.243067
0.242868,0.242868
0.242669,0.242669
0.24247,0.24247
0.242271,0.242271
0.242072,0.242072
0.241873,0.241874
0.241675,0.241675
0.241476,0.241476
0.241277,0.241277
0.241078,0.241078
0.240879,0.240879
0.24068,0.24068
0.240481,0.240481
0.240282,0.240282
0.240083,0.240083
0.239884,0.239884
0.239685,0.239685
0.239486,0.239486
0.239287,0.239287
0.239088,0.239088
0.238889,0.238889
0.23869,0.23869
0.238491,0.238492
0.238292,0.238293
0.238094,0.238094
0.237895,0.237895
0.237696,0.237696
0.237497,0.237497
0.237298,0.237298
0.237099,0.237099
0.2369,0.2369
0.236701,0.236701
0.236502,0.236502
0.236303,0.236303
0.236104,0.236104
0.235905,0.235905
0.235706,0.235706
0.235507,0.235507
0.235308,0.235308
0.235109,0.235109
0.23491,0.23491
0.234711,0.234711
0.234512,0.234512
0.234313,0.234313
0.234114,0.234114
0.233915,0.233915
0.233716,0.233716
0.233517,0.233517
0.233318,0.233318
0.233119,0.233119
0.23292,0.23292
0.232721,0.232721
0.232522,0.232522
0.232323,0.232323
0.232124,0.232124
0.231925,0.231925
0.231726,0.231726
0.231527,0.231527
0.231328,0.231328
0.231129,0.231129
0.23093,0.23093
0.230731,0.230731
0.230531,0.230532
0.230332,0.230333
0.230133,0.230133
0.229934,0.229934
0.229735,0.229735
0.229536,0.229536
0.229337,0.229337
0.229138,0.229138
0.228939,0.228939
0.22874,0.22874
0.228541,0.228541
0.228342,0.228342
0.228143,0.228143
0.227944,0.227944
0.227745,0.227745
0.227546,0.227546
0.227347,0.227347
0.227148,0.227148
0.226949,0.226949
0.226749,0.22675
0.22655,0.22655
0.226351,0.226351
0.226152,0.226152
0.225953,0.225953
0.225754,0.225754
0.225555,0.225555
0.225356,0.225356
0.225157,0.225157
0.224958,0.224958
0.224759,0.224759
0.22456,0.22456
0.22436,0.224361
0.224161,0.224161
0.223962,0.223962
0.223763,0.223763
0.223564,0.223564
0.223365,0.223365
0.223166,0.223166
0.222967,0.222967
0.222768,0.222768
0.222569,0.222569
0.222369,0.22237
0.22217,0.22217
0.221971,0.221971
0.221772,0.221772
0.221573,0.221573
0.221374,0.221374
0.221175,0.221175
0.220976,0.220976
0.220777,0.220777
0.220577,0.220578
0.220378,0.220378
0.220179,0.220179
0.21998,0.21998
0.219781,0.219781
0.219582,0.219582
0.219383,0.219383
0.219184,0.219184
0.218984,0.218984
0.218785,0.218785
0.218586,0.218586
0.218387,0.218387
0.218188,0.218188
0.217989,0.217989
0.21779,0.21779
0.21759,0.21759
0.217391,0.217391
0.217192,0.217192
0.216993,0.216993
0.216794,0.216794
0.216595,0.216595
0.216395,0.216396
0.216196,0.216196
0.215997,0.215997
0.215798,0.215798
0.215599,0.215599
0.2154,0.2154
0.215201,0.215201
0.215001,0.215001
0.214802,0.214802
0.214603,0.214603
0.214404,0.214404
0.214205,0.214205
0.214005,0.214006
0.213806,0.213806
0.213607,0.213607
0.213408,0.213408
0.213209,0.213209
0.21301,0.21301
0.21281,0.21281
0.212611,0.212611
0.212412,0.212412
0.212213,0.212213
0.212014,0.212014
0.211814,0.211815
0.211615,0.211615
0.211416,0.211416
0.211217,0.211217
0.211018,0.211018
0.210818,0.210819
0.210619,0.210619
0.21042,0.21042
0.210221,0.210221
0.210022,0.210022
0.209822,0.209822
0.209623,0.209623
0.209424,0.209424
0.209225,0.209225
0.209026,0.209026
0.208826,0.208826
0.208627,0.208627
0.208428,0.208428
0.208229,0.208229
0.208029,0.20803
0.20783,0.20783
0.207631,0.207631
0.207432,0.207432
0.207233,0.207233
0.207033,0.207033
0.206834,0.206834
0.206635,0.206635
0.206436,0.206436
0.206236,0.206237
0.206037,0.206037
0.205838,0.205838
0.205639,0.205639
0.205439,0.20544
0.20524,0.20524
0.205041,0.205041
0.204842,0.204842
0.204643,0.204643
0.204443,0.204443
0.204244,0.204244
0.204045,0.204045
0.203846,0.203846
0.203646,0.203646
0.203447,0.203447
0.203248,0.203248
0.203049,0.203049
0.202849,0.202849
0.20265,0.20265
0.202451,0.202451
0.202251,0.202252
0.202052,0.202052
0.201853,0.201853
0.201654,0.201654
0.201454,0.201454
0.201255,0.201255
0.201056,0.201056
0.200857,0.200857
0.200657,0.200657
0.200458,0.200458
0.200259,0.200259
0.200059,0.20006
0.19986,0.19986
0.199661,0.199661
0.199462,0.199462
0.199262,0.199262
0.199063,0.199063
0.198864,0.198864
0.198665,0.198665
0.198465,0.198465
0.198266,0.198266
0.198067,0.198067
0.197867,0.197867
0.197668,0.197668
0.197469,0.197469
0.197269,0.19727
0.19707,0.19707
0.196871,0.196871
0.196672,0.196672
0.196472,0.196472
0.196273,0.196273
0.196074,0.196074
0.195874,0.195874
0.195675,0.195675
0.195476,0.195476
0.195276,0.195277
0.195077,0.195077
0.194878,0.194878
0.194679,0.194679
0.194479,0.194479
0.19428,0.19428
0.194081,0.194081
0.193881,0.193881
0.193682,0.193682
0.193483,0.193483
0.193283,0.193283
0.193084,0.193084
0.192885,0.192885
0.192685,0.192685
0.192486,0.192486
0.192287,0.192287
0.192087,0.192087
0.191888,0.191888
0.191689,0.191689
0.191489,0.191489
0.19129,0.19129
0.191091,0.191091
0.190891,0.190891
0.190692,0.190692
0.190493,0.190493
0.190293,0.190293
0.190094,0.190094
0.189895,0.189895
0.189695,0.189695
0.189496,0.189496
0.189297,0.189297
0.189097,0.189097
0.188898,0.188898
0.188699,0.188699
0.188499,0.188499
0.1883,0.1883
0.188101,0.188101
0.187901,0.187901
0.187702,0.187702
0.187502,0.187503
0.187303,0.187303
0.187104,0.187104
0.186904,0.186904
0.186705,0.186705
0.186506,0.186506
0.186306,0.186306
0.186107,0.186107
0.185908,0.185908
0.185708,0.185708
0.185509,0.185509
0.185309,0.185309
0.18511,0.18511
0.184911,0.184911
0.184711,0.184711
0.184512,0.184512
0.184313,0.184313
0.184113,0.184113
0.183914,0.183914
0.183714,0.183714
0.183515,0.183515
0.183316,0.183316
0.183116,0.183116
0.182917,0.182917
0.182718,0.182718
0.182518,0.182518
0.182319,0.182319
0.182119,0.182119
0.18192,0.18192
0.181721,0.181721
0.181521,0.181521
0.181322,0.181322
0.181122,0.181122
0.180923,0.180923
0.180724,0.180724
0.180524,0.180524
0.180325,0.180325
0.180125,0.180125
0.179926,0.179926
0.179727,0.179727
0.179527,0.179527
0.179328,0.179328
0.179128,0.179128
0.178929,0.178929
0.17873,0.17873
0.17853,0.17853
0.178331,0.178331
0.178131,0.178131
0.177932,0.177932
0.177733,0.177733
0.177533,0.177533
0.177334,0.177334
0.177134,0.177134
0.176935,0.176935
0.176735,0.176736
0.176536,0.176536
0.176337,0.176337
0.176137,0.176137
0.175938,0.175938
0.175738,0.175738
0.175539,0.175539
0.17534,0.17534
0.17514,0.17514
0.174941,0.174941
0.174741,0.174741
0.174542,0.174542
0.174342,0.174342
0.174143,0.174143
0.173944,0.173944
0.173744,0.173744
0.173545,0.173545
0.173345,0.173345
0.173146,0.173146
0.172946,0.172946
0.172747,0.172747
0.172547,0.172548
0.172348,0.172348
0.172149,0.172149
0.171949,0.171949
0.17175,0.17175
0.17155,0.17155
0.171351,0.171351
0.171151,0.171151
0.170952,0.170952
0.170752,0.170753
0.170553,0.170553
0.170354,0.170354
0.170154,0.170154
0.169955,0.169955
0.169755,0.169755
0.169556,0.169556
0.169356,0.169356
0.169157,0.169157
0.168957,0.168957
0.168758,0.168758
0.168558,0.168559
0.168359,0.168359
0.16816,0.16816
0.16796,0.16796
0.167761,0.167761
0.167561,0.167561
0.167362,0.167362
0.167162,0.167162
0.166963,0.166963
0.166763,0.166763
0.166564,0.166564
0.166364,0.166364
0.166165,0.166165
0.165965,0.165965
0.165766,0.165766
0.165566,0.165567
0.165367,0.165367
0.165167,0.165168
0.164968,0.164968
0.164769,0.164769
0.164569,0.164569
0.16437,0.16437
0.16417,0.16417
0.163971,0.163971
0.163771,0.163771
0.163572,0.163572
0.163372,0.163372
0.163173,0.163173
0.162973,0.162973
0.162774,0.162774
0.162574,0.162574
0.162375,0.162375
0.162175,0.162175
0.161976,0.161976
0.161776,0.161776
0.161577,0.161577
0.161377,0.161377
0.161178,0.161178
0.160978,0.160978
0.160779,0.160779
0.160579,0.160579
0.16038,0.16038
0.16018,0.16018
0.159981,0.159981
0.159781,0.159781
0.159582,0.159582
0.159382,0.159382
0.159183,0.159183
0.158983,0.158983
0.158784,0.158784
0.158584,0.158584
0.158385,0.158385
0.158185,0.158185
0.157986,0.157986
0.157786,0.157786
0.157587,0.157587
0.157387,0.157387
0.157188,0.157188
0.156988,0.156988
0.156789,0.156789
0.156589,0.156589
0.15639,0.15639
0.15619,0.15619
0.155991,0.155991
0.155791,0.155791
0.155592,0.155592
0.155392,0.155392
0.155193,0.155193
0.154993,0.154993
0.154793,0.154794
0.154594,0.154594
0.154394,0.154394
0.154195,0.154195
0.153995,0.153995
0.153796,0.153796
0.153596,0.153596
0.153397,0.153397
0.153197,0.153197
0.152998,0.152998
0.152798,0.152798
0.152599,0.152599
0.152399,0.152399
0.1522,0.1522
0.152,0.152
0.151801,0.151801
0.151601,0.151601
0.151401,0.151402
0.151202,0.151202
0.151002,0.151002
0.150803,0.150803
0.150603,0.150603
0.150404,0.150404
0.150204,0.150204
0.150005,0.150005
0.149805,0.149805
0.149606,0.149606
0.149406,0.149406
0.149207,0.149207
0.149007,0.149007
0.148807,0.148807
0.148608,0.148608
0.148408,0.148408
0.148209,0.148209
0.148009,0.148009
0.14781,0.14781
0.14761,0.14761
0.147411,0.147411
0.147211,0.147211
0.147011,0.147011
0.146812,0.146812
0.146612,0.146612
0.146413,0.146413
0.146213,0.146213
0.146014,0.146014
0.145814,0.145814
0.145615,0.145615
0.145415,0.145415
0.145215,0.145215
0.145016,0.145016
0.144816,0.144816
0.144617,0.144617
0.144417,0.144417
0.144218,0.144218
0.144018,0.144018
0.143818,0.143819
0.143619,0.143619
0.143419,0.143419
0.14322,0.14322
0.14302,0.14302
0.142821,0.142821
0.142621,0.142621
0.142421,0.142422
0.142222,0.142222
0.142022,0.142022
0.141823,0.141823
0.141623,0.141623
0.141424,0.141424
0.141224,0.141224
0.141024,0.141024
0.140825,0.140825
0.140625,0.140625
0.140426,0.140426
0.140226,0.140226
0.140027,0.140027
0.139827,0.139827
0.139627,0.139627
0.139428,0.139428
0.139228,0.139228
0.139029,0.139029
0.138829,0.138829
0.138629,0.138629
0.13843,0.13843
0.13823,0.13823
0.138031,0.138031
0.137831,0.137831
0.137631,0.137632
0.137432,0.137432
0.137232,0.137232
0.137033,0.137033
0.136833,0.136833
0.136634,0.136634
0.136434,0.136434
0.136234,0.136234
0.136035,0.136035
0.135835,0.135835
0.135636,0.135636
0.135436,0.135436
0.135236,0.135236
0.135037,0.135037
0.134837,0.134837
0.134638,0.134638
0.134438,0.134438
0.134238,0.134238
0.134039,0.134039
0.133839,0.133839
0.13364,0.13364
0.13344,0.13344
0.13324,0.13324
0.133041,0.133041
0.132841,0.132841
0.132642,0.132642
0.132442,0.132442
0.132242,0.132242
0.132043,0.132043
0.131843,0.131843
0.131643,0.131643
0.131444,0.131444
0.131244,0.131244
0.131045,0.131045
0.130845,0.130845
0.130645,0.130645
0.130446,0.130446
0.130246,0.130246
0.130047,0.130047
0.129847,0.129847
0.129647,0.129647
0.129448,0.129448
0.129248,0.129248
0.129048,0.129048
0.128849,0.128849
0.128649,0.128649
0.12845,0.12845
0.12825,0.12825
0.12805,0.12805
0.127851,0.127851
0.127651,0.127651
0.127451,0.127451
0.127252,0.127252
0.127052,0.127052
0.126853,0.126853
0.126653,0.126653
0.126453,0.126453
0.126254,0.126254
0.126054,0.126054
0.125854,0.125854
0.125655,0.125655
0.125455,0.125455
0.125256,0.125256
0.125056,0.125056
0.124856,0.124856
0.124657,0.124657
0.124457,0.124457
0.124257,0.124257
0.124058,0.124058
0.123858,0.123858
0.123658,0.123658
0.123459,0.123459
0.123259,0.123259
0.12306,0.12306
0.12286,0.12286
0.12266,0.12266
0.122461,0.122461
0.122261,0.122261
0.122061,0.122061
0.121862,0.121862
0.121662,0.121662
0.121462,0.121462
0.121263,0.121263
0.121063,0.121063
0.120863,0.120864
0.120664,0.120664
0.120464,0.120464
0.120265,0.120265
0.120065,0.120065
0.119865,0.119865
0.119666,0.119666
0.119466,0.119466
0.119266,0.119266
0.119067,0.119067
0.118867,0.118867
0.118667,0.118667
0.118468,0.118468
0.118268,0.118268
0.118068,0.118068
0.117869,0.117869
0.117669,0.117669
0.117469,0.117469
0.11727,0.11727
0.11707,0.11707
0.11687,0.11687
0.116671,0.116671
0.116471,0.116471
0.116271,0.116271
0.116072,0.116072
0.115872,0.115872
0.115672,0.115672
0.115473,0.115473
0.115273,0.115273
0.115073,0.115073
0.114874,0.114874
0.114674,0.114674
0.114474,0.114475
0.114275,0.114275
0.114075,0.114075
0.113875,0.113876
0.113676,0.113676
0.113476,0.113476
0.113276,0.113277
0.113077,0.113077
0.112877,0.112877
0.112677,0.112677
0.112478,0.112478
0.112278,0.112278
0.112078,0.112078
0.111879,0.111879
0.111679,0.111679
0.111479,0.111479
0.11128,0.11128
0.11108,0.11108
0.11088,0.11088
0.110681,0.110681
0.110481,0.110481
0.110281,0.110281
0.110082,0.110082
0.109882,0.109882
0.109682,0.109682
0.109483,0.109483
0.109283,0.109283
0.109083,0.109083
0.108884,0.108884
0.108684,0.108684
0.108484,0.108484
0.108285,0.108285
0.108085,0.108085
0.107885,0.107885
0.107686,0.107686
0.107486,0.107486
0.107286,0.107286
0.107086,0.107087
0.106887,0.106887
0.106687,0.106687
0.106487,0.106487
0.106288,0.106288
0.106088,0.106088
0.105888,0.105888
0.105689,0.105689
0.105489,0.105489
0.105289,0.105289
0.10509,0.10509
0.10489,0.10489
0.10469,0.10469
0.104491,0.104491
0.104291,0.104291
0.104091,0.104091
0.103891,0.103891
0.103692,0.103692
0.103492,0.103492
0.103292,0.103292
0.103093,0.103093
0.102893,0.102893
0.102693,0.102693
0.102494,0.102494
0.102294,0.102294
0.102094,0.102094
0.101894,0.101894
0.101695,0.101695
0.101495,0.101495
0.101295,0.101295
0.101096,0.101096
0.100896,0.100896
0.100696,0.100696
0.100497,0.100497
0.100297,0.100297
0.100097,0.100097
0.0998974,0.0998975
0.0996977,0.0996978
0.099498,0.0994981
0.0992983,0.0992984
0.0990986,0.0990987
0.0988989,0.098899
0.0986992,0.0986992
0.0984995,0.0984995
0.0982998,0.0982998
0.0981001,0.0981001
0.0979004,0.0979004
0.0977007,0.0977007
0.097501,0.097501
0.0973013,0.0973013
0.0971015,0.0971016
0.0969018,0.0969019
0.0967021,0.0967021
0.0965024,0.0965024
0.0963027,0.0963027
0.096103,0.096103
0.0959033,0.0959033
0.0957036,0.0957036
0.0955038,0.0955039
0.0953041,0.0953042
0.0951044,0.0951044
0.0949047,0.0949047
0.094705,0.094705
0.0945053,0.0945053
0.0943055,0.0943056
0.0941058,0.0941059
0.0939061,0.0939061
0.0937064,0.0937064
0.0935067,0.0935067
0.0933069,0.093307
0.0931072,0.0931073
0.0929075,0.0929075
0.0927078,0.0927078
0.0925081,0.0925081
0.0923083,0.0923084
0.0921086,0.0921086
0.0919089,0.0919089
0.0917092,0.0917092
0.0915094,0.0915095
0.0913097,0.0913098
0.09111,0.09111
0.0909103,0.0909103
0.0907105,0.0907106
0.0905108,0.0905109
0.0903111,0.0903111
0.0901114,0.0901114
0.0899116,0.0899117
0.0897119,0.0897119
0.0895122,0.0895122
0.0893125,0.0893125
0.0891127,0.0891128
0.088913,0.088913
0.0887133,0.0887133
0.0885135,0.0885136
0.0883138,0.0883138
0.0881141,0.0881141
0.0879143,0.0879144
0.0877146,0.0877146
0.0875149,0.0875149
0.0873151,0.0873152
0.0871154,0.0871154
0.0869157,0.0869157
0.0867159,0.086716
0.0865162,0.0865162
0.0863165,0.0863165
0.0861167,0.0861168
0.085917,0.085917
0.0857173,0.0857173
0.0855175,0.0855176
0.0853178,0.0853178
0.0851181,0.0851181
0.0849183,0.0849183
0.0847186,0.0847186
0.0845188,0.0845189
0.0843191,0.0843191
0.0841194,0.0841194
0.0839196,0.0839196
0.0837199,0.0837199
0.0835201,0.0835202
0.0833204,0.0833204
0.0831207,0.0831207
0.0829209,0.0829209
0.0827212,0.0827212
0.0825214,0.0825215
0.0823217,0.0823217
0.0821219,0.082122
0.0819222,0.0819222
0.0817224,0.0817225
0.0815227,0.0815227
0.081323,0.081323
0.0811232,0.0811232
0.0809235,0.0809235
0.0807237,0.0807237
0.080524,0.080524
0.0803242,0.0803242
0.0801245,0.0801245
0.0799247,0.0799247
0.079725,0.079725
0.0795252,0.0795252
0.0793255,0.0793255
0.0791257,0.0791257
0.078926,0.078926
0.0787262,0.0787262
0.0785265,0.0785265
0.0783267,0.0783267
0.078127,0.078127
0.0779272,0.0779272
0.0777275,0.0777275
0.0775277,0.0775277
0.077328,0.077328
0.0771282,0.0771282
0.0769284,0.0769285
0.0767287,0.0767287
0.0765289,0.076529
0.0763292,0.0763292
0.0761294,0.0761294
0.0759297,0.0759297
0.0757299,0.0757299
0.0755302,0.0755302
0.0753304,0.0753304
0.0751306,0.0751307
0.0749309,0.0749309
0.0747311,0.0747311
0.0745314,0.0745314
0.0743316,0.0743316
0.0741318,0.0741319
0.0739321,0.0739321
0.0737323,0.0737323
0.0735326,0.0735326
0.0733328,0.0733328
0.073133,0.0731331
0.0729333,0.0729333
0.0727335,0.0727335
0.0725337,0.0725338
0.072334,0.072334
0.0721342,0.0721342
0.0719345,0.0719345
0.0717347,0.0717347
0.0715349,0.0715349
0.0713352,0.0713352
0.0711354,0.0711354
0.0709356,0.0709357
0.0707359,0.0707359
0.0705361,0.0705361
0.0703363,0.0703363
0.0701366,0.0701366
0.0699368,0.0699368
0.069737,0.069737
0.0695373,0.0695373
0.0693375,0.0693375
0.0691377,0.0691377
0.0689379,0.068938
0.0687382,0.0687382
0.0685384,0.0685384
0.0683386,0.0683387
0.0681389,0.0681389
0.0679391,0.0679391
0.0677393,0.0677393
0.0675395,0.0675396
0.0673398,0.0673398
0.06714,0.06714
0.0669402,0.0669403
0.0667405,0.0667405
0.0665407,0.0665407
0.0663409,0.0663409
0.0661411,0.0661412
0.0659414,0.0659414
0.0657416,0.0657416
0.0655418,0.0655418
0.065342,0.0653421
0.0651423,0.0651423
0.0649425,0.0649425
0.0647427,0.0647427
0.0645429,0.0645429
0.0643431,0.0643432
0.0641434,0.0641434
0.0639436,0.0639436
0.0637438,0.0637438
0.063544,0.0635441
0.0633442,0.0633443
0.0631445,0.0631445
0.0629447,0.0629447
0.0627449,0.0627449
0.0625451,0.0625451
0.0623453,0.0623454
0.0621456,0.0621456
0.0619458,0.0619458
0.061746,0.061746
0.0615462,0.0615462
0.0613464,0.0613465
0.0611467,0.0611467
0.0609469,0.0609469
0.0607471,0.0607471
0.0605473,0.0605473
0.0603475,0.0603475
0.0601477,0.0601478
0.0599479,0.059948
0.0597482,0.0597482
0.0595484,0.0595484
0.0593486,0.0593486
0.0591488,0.0591488
0.058949,0.058949
0.0587492,0.0587492
0.0585494,0.0585495
0.0583497,0.0583497
0.0581499,0.0581499
0.0579501,0.0579501
0.0577503,0.0577503
0.0575505,0.0575505
0.0573507,0.0573507
0.0571509,0.0571509
0.0569511,0.0569511
0.0567513,0.0567514
0.0565515,0.0565516
0.0563518,0.0563518
0.056152,0.056152
0.0559522,0.0559522
0.0557524,0.0557524
0.0555526,0.0555526
0.0553528,0.0553528
0.055153,0.055153
0.0549532,0.0549532
0.0547534,0.0547534
0.0545536,0.0545536
0.0543538,0.0543538
0.054154,0.054154
0.0539542,0.0539543
0.0537544,0.0537545
0.0535546,0.0535547
0.0533548,0.0533549
0.0531551,0.0531551
0.0529553,0.0529553
0.0527555,0.0527555
0.0525557,0.0525557
0.0523559,0.0523559
0.0521561,0.0521561
0.0519563,0.0519563
0.0517565,0.0517565
0.0515567,0.0515567
0.0513569,0.0513569
0.0511571,0.0511571
0.0509573,0.0509573
0.0507575,0.0507575
0.0505577,0.0505577
0.0503579,0.0503579
0.0501581,0.0501581
0.0499583,0.0499583
0.0497585,0.0497585
0.0495587,0.0495587
0.0493589,0.0493589
0.0491591,0.0491591
0.0489593,0.0489593
0.0487595,0.0487595
0.0485597,0.0485597
0.0483599,0.0483599
0.04816,0.0481601
0.0479602,0.0479603
0.0477604,0.0477605
0.0475606,0.0475607
0.0473608,0.0473608
0.047161,0.047161
0.0469612,0.0469612
0.0467614,0.0467614
0.0465616,0.0465616
0.0463618,0.0463618
0.046162,0.046162
0.0459622,0.0459622
0.0457624,0.0457624
0.0455626,0.0455626
0.0453628,0.0453628
0.045163,0.045163
0.0449631,0.0449632
0.0447633,0.0447634
0.0445635,0.0445635
0.0443637,0.0443637
0.0441639,0.0441639
0.0439641,0.0439641
0.0437643,0.0437643
0.0435645,0.0435645
0.0433647,0.0433647
0.0431649,0.0431649
0.0429651,0.0429651
0.0427652,0.0427653
0.0425654,0.0425654
0.0423656,0.0423656
0.0421658,0.0421658
0.041966,0.041966
0.0417662,0.0417662
0.0415664,0.0415664
0.0413666,0.0413666
0.0411667,0.0411668
0.0409669,0.0409669
0.0407671,0.0407671
0.0405673,0.0405673
0.0403675,0.0403675
0.0401677,0.0401677
0.0399678,0.0399679
0.039768,0.039768
0.0395682,0.0395682
0.0393684,0.0393684
0.0391686,0.0391686
0.0389688,0.0389688
0.038769,0.038769
0.0385691,0.0385691
0.0383693,0.0383693
0.0381695,0.0381695
0.0379697,0.0379697
0.0377699,0.0377699
0.03757,0.0375701
0.0373702,0.0373702
0.0371704,0.0371704
0.0369706,0.0369706
0.0367708,0.0367708
0.0365709,0.036571
0.0363711,0.0363711
0.0361713,0.0361713
0.0359715,0.0359715
0.0357717,0.0357717
0.0355718,0.0355719
0.035372,0.035372
0.0351722,0.0351722
0.0349724,0.0349724
0.0347726,0.0347726
0.0345727,0.0345727
0.0343729,0.0343729
0.0341731,0.0341731
0.0339733,0.0339733
0.0337734,0.0337735
0.0335736,0.0335736
0.0333738,0.0333738
0.033174,0.033174
0.0329741,0.0329742
0.0327743,0.0327743
0.0325745,0.0325745
0.0323747,0.0323747
0.0321748,0.0321749
0.031975,0.031975
0.0317752,0.0317752
0.0315754,0.0315754
0.0313755,0.0313756
0.0311757,0.0311757
0.0309759,0.0309759
0.0307761,0.0307761
0.0305762,0.0305762
0.0303764,0.0303764
0.0301766,0.0301766
0.0299767,0.0299768
0.0297769,0.0297769
0.0295771,0.0295771
0.0293773,0.0293773
0.0291774,0.0291774
0.0289776,0.0289776
0.0287778,0.0287778
0.0285779,0.028578
0.0283781,0.0283781
0.0281783,0.0281783
0.0279785,0.0279785
0.0277786,0.0277786
0.0275788,0.0275788
0.027379,0.027379
0.0271791,0.0271791
0.0269793,0.0269793
0.0267795,0.0267795
0.0265796,0.0265796
0.0263798,0.0263798
0.02618,0.02618
0.0259801,0.0259801
0.0257803,0.0257803
0.0255805,0.0255805
0.0253806,0.0253806
0.0251808,0.0251808
0.024981,0.024981
0.0247811,0.0247811
0.0245813,0.0245813
0.0243815,0.0243815
0.0241816,0.0241816
0.0239818,0.0239818
0.023782,0.023782
0.0235821,0.0235821
0.0233823,0.0233823
0.0231824,0.0231825
0.0229826,0.0229826
0.0227828,0.0227828
0.0225829,0.0225829
0.0223831,0.0223831
0.0221833,0.0221833
0.0219834,0.0219834
0.0217836,0.0217836
0.0215837,0.0215838
0.0213839,0.0213839
0.0211841,0.0211841
0.0209842,0.0209842
0.0207844,0.0207844
0.0205846,0.0205846
0.0203847,0.0203847
0.0201849,0.0201849
0.019985,0.019985
0.0197852,0.0197852
0.0195854,0.0195854
0.0193855,0.0193855
0.0191857,0.0191857
0.0189858,0.0189858
0.018786,0.018786
0.0185862,0.0185862
0.0183863,0.0183863
0.0181865,0.0181865
0.0179866,0.0179866
0.0177868,0.0177868
0.0175869,0.0175869
0.0173871,0.0173871
0.0171873,0.0171873
0.0169874,0.0169874
0.0167876,0.0167876
0.0165877,0.0165877
0.0163879,0.0163879
0.016188,0.016188
0.0159882,0.0159882
0.0157883,0.0157884
0.0155885,0.0155885
0.0153887,0.0153887
0.0151888,0.0151888
0.014989,0.014989
0.0147891,0.0147891
0.0145893,0.0145893
0.0143894,0.0143894
0.0141896,0.0141896
0.0139897,0.0139897
0.0137899,0.0137899
0.01359,0.0135901
0.0133902,0.0133902
0.0131904,0.0131904
0.0129905,0.0129905
0.0127907,0.0127907
0.0125908,0.0125908
0.012391,0.012391
0.0121911,0.0121911
0.0119913,0.0119913
0.0117914,0.0117914
0.0115916,0.0115916
0.0113917,0.0113917
0.0111919,0.0111919
0.010992,0.010992
0.0107922,0.0107922
0.0105923,0.0105923
0.0103925,0.0103925
0.0101926,0.0101926
0.00999277,0.00999277
0.00979292,0.00979292
0.00959307,0.00959307
0.00939322,0.00939322
0.00919337,0.00919337
0.00899351,0.00899352
0.00879366,0.00879367
0.00859381,0.00859381
0.00839396,0.00839396
0.00819411,0.00819411
0.00799425,0.00799426
0.0077944,0.0077944
0.00759455,0.00759455
0.0073947,0.0073947
0.00719484,0.00719484
0.00699499,0.00699499
0.00679514,0.00679514
0.00659528,0.00659528
0.00639543,0.00639543
0.00619557,0.00619558
0.00599572,0.00599572
0.00579586,0.00579587
0.00559601,0.00559601
0.00539615,0.00539616
0.0051963,0.0051963
0.00499644,0.00499645
0.00479659,0.00479659
0.00459673,0.00459673
0.00439688,0.00439688
0.00419702,0.00419702
0.00399716,0.00399717
0.00379731,0.00379731
0.00359745,0.00359745
0.00339759,0.0033976
0.00319774,0.00319774
0.00299788,0.00299788
0.00279802,0.00279802
0.00259817,0.00259817
0.00239831,0.00239831
0.00219845,0.00219845
0.00199859,0.00199859
0.00179873,0.00179873
0.00159887,0.00159888
0.00139902,0.00139902
0.00119916,0.00119916
0.000999298,0.000999298
0.000799439,0.000799439
0.000599579,0.00059958
0.00039972,0.00039972
0.00019986,0.00019986
